indexhr;730815949259956225;4
indexhr;730812629971808257;7
indexhr;730810817109708800;7
indexhr;730804510826856449;7
indexhr;730803707298906112;7
indexhr;730802034518065152;7
indexhr;730796006615306242;4
indexhr;730794428437254144;7
indexhr;730782644250791936;7
indexhr;730782467939008513;7
indexhr;730776198100467712;7
indexhr;730769375393783809;4
indexhr;730763742208765953;7
indexhr;730763246987137025;4
indexhr;730762073886461953;4
indexhr;730747039823233025;7
indexhr;730738753237450754;4
indexhr;730735635934420992;4
indexhr;730733015563960320;7
indexhr;730727949557583872;7
indexhr;730724139984543744;7
indexhr;730724052856344576;7
indexhr;730722154921099265;4
indexhr;730712636921380868;7
indexhr;730710416419082240;7
indexhr;730703270927159296;7
indexhr;730702511519096832;7
indexhr;730696071320571904;7
indexhr;730691692182044672;7
indexhr;730691050419916800;7
indexhr;730689943757045760;7
indexhr;730686665677643777;7
indexhr;730682421029539840;7
indexhr;730678566321553409;7
indexhr;730674756496719872;7
indexhr;730667478037094400;4
indexhr;730666957452791808;5
indexhr;730663604324798464;7
indexhr;730657542586699776;7
indexhr;730653717817524224;4
indexhr;730644859531497472;5
indexhr;730644355057364992;7
indexhr;730636365772259328;7
indexhr;730628196530565120;7
indexhr;730502747510870017;7
indexhr;730501842938044420;7
indexhr;730492657345007617;4
indexhr;730484030374707200;7
indexhr;730473908323782656;4
indexhr;730467011696967682;7
