oglasnik;730658624578670592;2
oglasnik;730027597346820097;2
oglasnik;729597726887940096;2
oglasnik;728131607786201088;2
oglasnik;727760147972501504;2
oglasnik;727390848883789824;2
oglasnik;727045115005521920;2
oglasnik;725963448908013568;2
oglasnik;725629933104537600;2
oglasnik;725242998414577664;2
oglasnik;724891531493146624;2
oglasnik;724503907951583233;2
oglasnik;723068928214224896;2
oglasnik;722693156958035969;2
oglasnik;722338465623515136;2
oglasnik;721981643343458304;2
oglasnik;720518854259118081;2
oglasnik;720166094196105216;2
oglasnik;719807736733638656;2
oglasnik;719431029761699840;2
oglasnik;718340917032329216;2
oglasnik;718047743151837184;7
oglasnik;717664142266646532;2
oglasnik;717355647600369664;2
oglasnik;716948492397244416;2
oglasnik;715844275091677185;2
oglasnik;715451260791554048;2
oglasnik;715130905623441408;2
oglasnik;714749590583566336;2
oglasnik;714722467898593280;2
oglasnik;713304010355261440;2
oglasnik;712545743861624833;2
oglasnik;712206170254135296;2
oglasnik;711834631876820993;2
oglasnik;710752584370405376;2
oglasnik;710380197774807040;2
oglasnik;710042813501743105;2
oglasnik;709661947818541056;2
oglasnik;709297810743681025;2
oglasnik;708217965620174848;2
oglasnik;707888479406002177;2
oglasnik;707498230725140480;2
oglasnik;707169804885561344;2
oglasnik;706782491877765120;2
oglasnik;705723492386414592;2
oglasnik;704986547825864704;2
oglasnik;704585152731729920;2
oglasnik;704257647424479232;2
oglasnik;703136986589048832;2
oglasnik;702411503639633921;2
