bugonline;730801242763628544;6
bugonline;730792921407074304;3
bugonline;730790580427628544;6
bugonline;730754169376784384;6
bugonline;730745327758811136;6
bugonline;730727644724117505;3
bugonline;730723224070332417;6
bugonline;730710742081667073;6
bugonline;730693838319300609;7
bugonline;730690457508978688;6
bugonline;730678754670972928;7
bugonline;730669652456706048;7
bugonline;730664450353725440;6
bugonline;730664189874864128;6
bugonline;730663932034224128;6
bugonline;730663151532969984;7
bugonline;730661123373060096;7
bugonline;730660713245593600;6
bugonline;730660567036395520;7
bugonline;730660355609886721;3
bugonline;730660102609440770;6
bugonline;730659945398587392;6
bugonline;730659677076393984;7
bugonline;730650669577801728;6
bugonline;730634286790004736;6
bugonline;730624405383073792;6
bugonline;730613744099790848;3
bugonline;730512795465359360;6
bugonline;730498210972770304;6
bugonline;730490533336993793;3
bugonline;730485671937331200;7
bugonline;730479531681820672;6
bugonline;730466227206926337;6
bugonline;730451643301507073;3
bugonline;730450108232372224;6
bugonline;730435778879356928;6
bugonline;730416333482012673;6
bugonline;730415566620655616;3
bugonline;730413519229825025;6
bugonline;730397912807649281;6
bugonline;730378211306176512;6
bugonline;730375908238970880;7
bugonline;730354161271898112;6
bugonline;730349811698958336;3
bugonline;730335739246985220;3
bugonline;730321923478069248;6
bugonline;730320644232056832;6
bugonline;730307339845177344;6
bugonline;730298991053840384;7
bugonline;730298749969436672;6
bugonline;730298558939803648;6
bugonline;730298348570345474;6
bugonline;730298197491503104;3
bugonline;730298031455735808;7
bugonline;730297776802762755;7
bugonline;730292245086220289;3
bugonline;730291731502084096;6
bugonline;730291477813809152;3
bugonline;730268962974519297;6
bugonline;730264613711970304;7
bugonline;730254380251910145;6
bugonline;730242354871992320;6
bugonline;730143597132185600;7
bugonline;730137712624320512;6
bugonline;730111104798576641;6
bugonline;730104967688822784;7
bugonline;730085262244622336;7
bugonline;730058912225972224;6
bugonline;730038976460013568;6
bugonline;730038663007109120;6
bugonline;730022934144819200;6
bugonline;730010980718129152;6
bugonline;730007520501207041;6
bugonline;729992421342380032;6
bugonline;729981726244638720;3
bugonline;729978265906098176;7
bugonline;729975120257794049;6
bugonline;729965998154059776;7
bugonline;729957189968908288;7
bugonline;729942176516419584;7
bugonline;729941813327478784;6
bugonline;729941513938063364;6
bugonline;729941461731561472;6
bugonline;729941392076775424;6
bugonline;729941167610183680;6
bugonline;729941016934023168;6
bugonline;729940864747868160;7
bugonline;729934855513976832;6
bugonline;729928564506808320;7
bugonline;729922587619397636;6
bugonline;729918183444983808;6
bugonline;729899309181874176;6
bugonline;729884524503543809;6
bugonline;729874458597593088;6
bugonline;729798962518077440;6
bugonline;729768134794678272;6
bugonline;729748943526100992;6
bugonline;729733529244946434;6
bugonline;729725979212558338;3
bugonline;729709622022574082;7
bugonline;729690432947490817;3
bugonline;729684456240484352;6
bugonline;729671861328609280;7
bugonline;729662750893428737;6
bugonline;729649539196522496;6
bugonline;729642933146812416;6
bugonline;729633538937651201;3
bugonline;729620779785129984;7
bugonline;729619470830993408;6
bugonline;729593298046865408;6
bugonline;729584464603578368;6
bugonline;729576358876217344;7
bugonline;729575918532997120;3
bugonline;729575610427813888;3
bugonline;729575347046502400;7
bugonline;729575007844741120;6
bugonline;729574760829603840;3
bugonline;729574469270966272;7
bugonline;729571378098274304;3
bugonline;729555018811068416;6
bugonline;729554693614149633;6
bugonline;729553382847983616;7
bugonline;729553057550376960;6
bugonline;729539971527397380;3
bugonline;729532513505447937;6
bugonline;729518517133950976;6
bugonline;729438412105760769;3
bugonline;729424713127219201;3
bugonline;729403867591548929;3
bugonline;729379446990491648;6
bugonline;729371106373738497;3
bugonline;729370808448126976;3
bugonline;729370510728015873;6
bugonline;729370214786334720;6
bugonline;729309167463305216;6
bugonline;729306486913040384;6
bugonline;729305295634235392;6
bugonline;729255563746521090;6
bugonline;729249905739485184;7
bugonline;729223104682135552;7
bugonline;729201428485517312;6
bugonline;729197653746176000;3
bugonline;729188531361488900;6
bugonline;729179094643052544;6
bugonline;729069322837069829;3
bugonline;729060513964015617;6
bugonline;728961570882105344;3
bugonline;728928393778081792;6
bugonline;728911658748383232;3
bugonline;728910778393362432;6
bugonline;728898445541556225;7
bugonline;728860399479705600;7
bugonline;728859932724998145;7
bugonline;728859801460051968;6
bugonline;728859490691485696;6
bugonline;728859163946815488;6
bugonline;728858944026890240;6
bugonline;728858654426943490;6
bugonline;728858426588139520;7
bugonline;728832381751332864;7
bugonline;728817995997384704;3
bugonline;728797569829179392;6
bugonline;728718426399715328;3
bugonline;728708154670845954;7
bugonline;728687355947827201;6
bugonline;728627967086211074;3
bugonline;728617363965382657;6
bugonline;728616038699544577;6
bugonline;728598145983234048;7
bugonline;728578264239882240;7
bugonline;728574619138048000;6
bugonline;728572298752577536;3
bugonline;728564015308410880;6
bugonline;728549104759017472;6
bugonline;728548442113511424;6
bugonline;728534525593194496;3
bugonline;728520939751800832;3
bugonline;728517957152870400;6
bugonline;728508016971091968;6
bugonline;728494761376686080;6
bugonline;728494430118907904;6
bugonline;728494098835976192;6
bugonline;728493767519555584;6
bugonline;728493436039499776;3
bugonline;728493107302563840;3
bugonline;728472332910661632;7
bugonline;728471214688075776;3
bugonline;728470781894627328;3
bugonline;728470116908732416;3
bugonline;728469808140849152;3
bugonline;728469200746872832;7
bugonline;728468892419379202;7
bugonline;728437440961118209;3
bugonline;728427500653531137;6
bugonline;728426506741911552;6
bugonline;728344001452060673;6
bugonline;728303333925081088;3
bugonline;728293192492273665;6
bugonline;728289051208523777;7
bugonline;728280432815509505;6
bugonline;728272581694984193;7
bugonline;728269309693333504;3
bugonline;728268328637214720;6
bugonline;728251315659390976;6
bugonline;728227759961575424;7
bugonline;728225797165744128;7
bugonline;728211074865049600;6
bugonline;728202241925091330;3
bugonline;728201260290183168;6
bugonline;728193081724575744;3
bugonline;728178359214182400;6
bugonline;728161019470721024;6
bugonline;728145644343283714;6
bugonline;728141392266989568;3
bugonline;728132885752909825;6
bugonline;728119796940701696;6
bugonline;728119469994704897;3
bugonline;728119143040323587;3
bugonline;728118815549087745;6
bugonline;728118491073515523;6
bugonline;728118294842998784;7
bugonline;728118155936075776;3
bugonline;728117963581054976;6
bugonline;728117417533050880;7
bugonline;728117192399556609;6
bugonline;728117029606072320;6
bugonline;728116795714895872;7
bugonline;728088063230935040;3
bugonline;728087738646335488;7
bugonline;728075961439113216;6
bugonline;728067128218112001;6
bugonline;728011185371648000;7
bugonline;727990901188988928;7
bugonline;727989592989814785;6
bugonline;727987303050817538;3
bugonline;727982395455090688;7
bugonline;727975852617699329;6
bugonline;727971270390915073;6
bugonline;727939863929094144;7
bugonline;727937900579573761;7
bugonline;727932338445942784;6
bugonline;727921633499975682;7
bugonline;727914830989012994;3
bugonline;727911770875174913;3
bugonline;727895971049377792;6
bugonline;727892037056528386;6
bugonline;727867172291219456;6
bugonline;727865335383216128;3
bugonline;727857374707519493;3
bugonline;727847966464221184;7
bugonline;727840838437474304;3
bugonline;727838082129657857;6
bugonline;727830121147731970;6
bugonline;727828896834592768;6
bugonline;727812965777420288;6
bugonline;727808678737395712;3
bugonline;727805003189133312;6
bugonline;727800104409825281;3
bugonline;727783565937750016;3
bugonline;727776517846147076;6
bugonline;727769782599159808;6
bugonline;727759641803886592;7
bugonline;727759467950034945;6
bugonline;727759136709083136;3
bugonline;727758858945449984;3
bugonline;727758662744350721;6
bugonline;727758229254574080;6
bugonline;727757972814860289;7
bugonline;727754773865320448;3
bugonline;727748343888265216;6
bugonline;727747425419546624;6
bugonline;727744976038277120;6
bugonline;727739770948964352;3
bugonline;727714970457284612;3
bugonline;727714358051147776;6
bugonline;727633220943155200;3
bugonline;727614237498081281;6
bugonline;727597703866232834;6
bugonline;727586987511824386;7
bugonline;727572832532697088;7
bugonline;727565860651597824;6
bugonline;727559124800638976;6
bugonline;727545040118112257;3
bugonline;727532486578835456;6
bugonline;727515034574807040;6
bugonline;727503093408129024;6
bugonline;727501869132730368;6
bugonline;727483498228006913;6
bugonline;727475538584035328;3
bugonline;727448046217367552;6
bugonline;727446032632700929;6
bugonline;727417088021778432;7
bugonline;727416838456483841;6
bugonline;727409286591209472;6
bugonline;727406058323464196;7
bugonline;727405516973035520;7
bugonline;727405070799765504;3
bugonline;727404810052505601;3
bugonline;727404542120345601;6
bugonline;727404315611111424;7
bugonline;727404075336253440;7
bugonline;727395697536946177;3
bugonline;727384876652068864;3
bugonline;727357540791672833;6
bugonline;727343851090890752;3
bugonline;727266274573729793;3
bugonline;727229482906619904;6
bugonline;727223494434541568;6
bugonline;727215508269965312;7
bugonline;727186129972289537;6
bugonline;727168161209016322;3
bugonline;727157613746593794;6
bugonline;727155041925214209;3
bugonline;727136498533961729;3
bugonline;727126525921865728;6
bugonline;727113891671642117;7
bugonline;727099503875112960;3
bugonline;727094806263042048;6
bugonline;727084235413164032;6
bugonline;727076895901257728;6
bugonline;727069262024691712;3
bugonline;727054289055715330;3
bugonline;727053709155401729;7
bugonline;727053535817375745;7
bugonline;727053313758400512;6
bugonline;727053149907869696;6
bugonline;727053112364638208;7
bugonline;727052935163731968;3
bugonline;727052818809556992;6
bugonline;727052743882465280;7
bugonline;727052625624051712;7
bugonline;727052527460618241;6
bugonline;727022577433120769;3
bugonline;727008379986710528;6
bugonline;726988106860208130;3
bugonline;726976933599285252;6
bugonline;726879694470168577;7
bugonline;726868520898822144;3
bugonline;726854552767569921;7
bugonline;726851606663315456;6
bugonline;726851306699247616;5
bugonline;726847079226724352;7
bugonline;726801479521198080;3
bugonline;726780642533462017;7
bugonline;726766147178237952;3
bugonline;726758899429347329;7
bugonline;726736854125522945;3
bugonline;726716319337467904;6
bugonline;726699710124310528;3
bugonline;726689440811368448;7
bugonline;726689140859871232;6
bugonline;726688536582328320;7
bugonline;726687933013610496;3
bugonline;726532462935986177;6
bugonline;726520006184427520;3
bugonline;726495923124199425;6
bugonline;726485957621481472;6
bugonline;726472393473024001;3
bugonline;726414813941866497;6
bugonline;726412046712115200;6
bugonline;726381319102578688;3
bugonline;726358896789602304;6
bugonline;726343117910204416;3
bugonline;726340624358723584;7
bugonline;726340349220757504;6
bugonline;726309005308661760;7
bugonline;726308969820610560;3
bugonline;726308781966168064;3
bugonline;726308606698786817;3
bugonline;726308376834129921;3
bugonline;726307821042671616;6
bugonline;726307426325159937;7
bugonline;726260624372699136;6
bugonline;726176471534940164;7
bugonline;726170935833845760;3
bugonline;726133394803941376;7
bugonline;726133334938685442;6
bugonline;726129055595114496;7
bugonline;726122281613807618;7
bugonline;726113563614535680;7
bugonline;726087655780438018;3
bugonline;726082295732572160;7
bugonline;726081104734740481;7
bugonline;726066927924293633;3
bugonline;726054303589343236;3
bugonline;726042688513032192;6
bugonline;726038519181926400;3
bugonline;726021544531599361;7
bugonline;726017971160813569;6
bugonline;726013503732125696;3
bugonline;726006654064594949;6
bugonline;726001359175163904;7
bugonline;725995040246489088;3
bugonline;725993551159504896;6
bugonline;725977470898429952;3
bugonline;725973301265371137;6
bugonline;725957814393393152;3
bugonline;725954918587219968;7
bugonline;725954632887980032;3
bugonline;725953744718958592;6
bugonline;725953460617773056;3
bugonline;725953249958858752;6
bugonline;725952963181731840;6
bugonline;725952728749449216;7
bugonline;725952455012294660;6
bugonline;725942627363770368;6
bugonline;725942031978110977;3
bugonline;725941435871055873;3
bugonline;725920891008229376;3
bugonline;725908976349499392;3
bugonline;725799388531007488;3
bugonline;725781520938577920;6
bugonline;725767820244561924;3
bugonline;725767524390977539;7
bugonline;725739532159700992;6
bugonline;725732980757532672;7
bugonline;725702904670224384;6
bugonline;725694392875540480;7
bugonline;725687520416124928;6
bugonline;725672525846450177;6
bugonline;725649351293435905;3
bugonline;725648531445432320;6
bugonline;725648260673769472;6
bugonline;725642263024513024;7
bugonline;725633266397679616;3
bugonline;725628631670726656;6
bugonline;725626450104193026;7
bugonline;725620180030754816;6
bugonline;725615000170184705;3
bugonline;725605457876946944;6
bugonline;725587308989284352;7
bugonline;725587064079683584;6
bugonline;725586725012135936;6
bugonline;725586543751102464;3
bugonline;725586425505259520;3
bugonline;725586223306256384;3
bugonline;725585854392090624;7
bugonline;725585281391415296;7
bugonline;725567833514622976;3
bugonline;725566197333430272;3
bugonline;725552569054011392;3
bugonline;725540309875212288;3
bugonline;725536001611943936;6
bugonline;725444882286911488;6
bugonline;725438586364006401;6
bugonline;725435935752622080;7
bugonline;725434279312891904;6
bugonline;725430634416578560;6
bugonline;725403463639769088;6
bugonline;725394517386473472;6
bugonline;725387559199715328;3
bugonline;725379274815975427;6
bugonline;725361051588526081;6
bugonline;725346471198003205;3
bugonline;725336530923995141;6
bugonline;725328580020953088;7
bugonline;725323610030743557;6
bugonline;725309360579170306;3
bugonline;725293788508332032;3
bugonline;725275978675687424;3
bugonline;725241571516502016;7
bugonline;725241423688294400;6
bugonline;725241234235727872;6
bugonline;725241106057846785;6
bugonline;725240957764026368;6
bugonline;725240794089709569;6
bugonline;725240558734741504;7
bugonline;725237760139907072;3
bugonline;725232626416668672;3
bugonline;725227492815081472;3
bugonline;725211521131941888;3
bugonline;725210665934307328;3
bugonline;725203820519776258;7
bugonline;725197831133343744;3
bugonline;725176725269798912;6
bugonline;725077758343299072;3
bugonline;725076045452435456;6
bugonline;725075761821048833;6
bugonline;725068062035202049;6
bugonline;725043248155205632;6
bugonline;725024423506489344;3
bugonline;725012444654014465;3
bugonline;724994761405390851;3
bugonline;724994474800205824;3
bugonline;724994190841643008;6
bugonline;724971944257458176;7
bugonline;724968806590853120;7
bugonline;724967951615533056;6
bugonline;724952550185799682;7
bugonline;724948842026799104;6
bugonline;724944564444893185;7
bugonline;724934011181764608;3
bugonline;724933155581513728;6
bugonline;724931729547468801;6
bugonline;724923458665254914;7
bugonline;724919465901756417;2
bugonline;724908913229979649;6
bugonline;724900357197942785;7
bugonline;724893226663038977;2
bugonline;724880106066481152;3
bugonline;724878394643615744;7
bugonline;724877539060146178;3
bugonline;724876968852901889;6
bugonline;724875827448524800;6
bugonline;724874971806334976;7
bugonline;724861159573172227;3
bugonline;724860996301500417;6
bugonline;724860970267512832;7
bugonline;724860141099728896;3
bugonline;724855625327497217;7
bugonline;724855546151579650;6
bugonline;724855032525512704;6
bugonline;724854634070859776;3
bugonline;724854041411510272;6
bugonline;724853812524101632;7
bugonline;724851639052582912;7
bugonline;724826096307458048;7
bugonline;724821986040549377;7
bugonline;724812885088686084;3
bugonline;724725686284488704;3
bugonline;724705428928647168;6
bugonline;724701905130258433;7
bugonline;724691335538708480;6
bugonline;724689183638446082;7
bugonline;724680472601759744;7
bugonline;724670783793016832;6
bugonline;724660507618205697;3
bugonline;724658746274811904;3
bugonline;724628798185050112;6
bugonline;724609419565273088;3
bugonline;724609127348113408;6
bugonline;724607659400388612;7
bugonline;724585639316959232;6
bugonline;724583290720624642;3
bugonline;724563089421664256;7
bugonline;724548646298071040;6
bugonline;724548058793517056;3
bugonline;724533084960468992;6
bugonline;724529853601591297;3
bugonline;724525155943362560;6
bugonline;724516054052024320;7
bugonline;724513906857771008;7
bugonline;724513726087467008;3
bugonline;724513165090889728;7
bugonline;724511986147536897;3
bugonline;724511772317745152;3
bugonline;724511604654649344;6
bugonline;724511336437301248;7
bugonline;724510769417752576;3
bugonline;724500787750178816;6
bugonline;724476124961624064;6
bugonline;724457922428850176;3
bugonline;724448820642361344;3
bugonline;724440306687553536;3
bugonline;724360299759960065;3
bugonline;724358336976699392;3
bugonline;724300437025906688;3
bugonline;724285054617300992;3
bugonline;724272295439663104;3
bugonline;724237289812025344;6
bugonline;724235981310795776;3
bugonline;724205883589320704;7
bugonline;724184618841300992;6
bugonline;724146669546250241;7
bugonline;724125404672495616;7
bugonline;724100868476407809;3
bugonline;724068807971606528;3
bugonline;723995853346758656;7
bugonline;723965887024345088;3
bugonline;723954445915160576;7
bugonline;723952583187042306;3
bugonline;723930068335079424;6
bugonline;723906018879614976;3
bugonline;723905251242323968;3
bugonline;723843080315637760;6
bugonline;723803166828011520;6
bugonline;723798081515446272;7
bugonline;723797856704966656;7
bugonline;723797501673897984;6
bugonline;723797119258210304;3
bugonline;723796867159568384;3
bugonline;723796451772477440;3
bugonline;723796102030479360;6
bugonline;723795811541331968;7
bugonline;723780651695149057;3
bugonline;723764531705589760;7
bugonline;723764276515708928;6
bugonline;723764021611106304;7
bugonline;723742530538446848;6
bugonline;723725900613836800;3
bugonline;723633538810171392;3
bugonline;723618187451969536;6
bugonline;723600534062673920;6
bugonline;723543990512041984;6
bugonline;723542711882645504;6
bugonline;723540163012517888;3
bugonline;723519762177908736;3
bugonline;723509243618426880;6
bugonline;723482466481221632;3
bugonline;723481510012174336;7
bugonline;723469078644531200;6
bugonline;723467166054506496;3
bugonline;723463659196964864;7
bugonline;723463101790605312;7
bugonline;723451545614974980;7
bugonline;723441982824189952;3
bugonline;723422941963149313;7
bugonline;723422751789207556;3
bugonline;723422470368190464;6
bugonline;723422116465364993;3
bugonline;723421965709516801;3
bugonline;723421734863392768;7
bugonline;723421391219920897;7
bugonline;723418074255265795;3
bugonline;723417757878898689;3
bugonline;723395125469007874;3
bugonline;723363761550069765;3
bugonline;723351480988774400;3
bugonline;723276517300686848;3
bugonline;723271144674045952;7
bugonline;723258608268488704;3
bugonline;723247606307147778;6
bugonline;723233278900219906;3
bugonline;723221762184470529;6
bugonline;723208969683120128;3
bugonline;723156005761220608;6
bugonline;723140655355191296;7
bugonline;723123255851229184;3
bugonline;723121463562252288;3
bugonline;723120184530198528;7
bugonline;723117114131898368;7
bugonline;723111485560467456;3
bugonline;723096332894900224;6
bugonline;723083121281896448;3
bugonline;723073432745852928;6
bugonline;723067130938298368;7
bugonline;723067053645676544;3
bugonline;723066679434067968;3
bugonline;723066141401329664;6
bugonline;723065916175581184;6
bugonline;723065588059389956;7
bugonline;723065280042270720;7
bugonline;723054935764533248;3
bugonline;723048474430853120;6
bugonline;723048180926001152;6
bugonline;723047889086341120;3
bugonline;723016474336591872;3
bugonline;723000326761099264;3
bugonline;722914009461096448;3
bugonline;722886410991054852;3
bugonline;722853231131561984;3
bugonline;722848534156992512;6
bugonline;722822103960055809;3
bugonline;722820637140652032;7
bugonline;722796265801695232;3
bugonline;722794797707182080;7
bugonline;722774246351585280;3
bugonline;722761030913363968;3
bugonline;722749580203462656;6
bugonline;722744882926907392;3
bugonline;722740772475400193;3
bugonline;722731670537965568;7
bugonline;722727266464215040;7
bugonline;722715226257375232;6
bugonline;722706998928809985;7
bugonline;722706539602173952;6
bugonline;722706390054264833;7
bugonline;722706123430735874;3
bugonline;722705613973794816;3
bugonline;722705428208070656;6
bugonline;722705161500672000;7
bugonline;722704862778101760;7
bugonline;722704361902772224;3
bugonline;722702600215400450;6
bugonline;722679694215274496;3
bugonline;722672939477442560;6
bugonline;722672648120111104;7
bugonline;722655311081914368;6
bugonline;722648558093119488;7
bugonline;722641512266403840;6
bugonline;722566351198531584;6
bugonline;722561360383582208;7
bugonline;722558424232390658;7
bugonline;722534934859161600;7
bugonline;722529063022288902;3
bugonline;722525538011717633;6
bugonline;722525246620872708;7
bugonline;722521431381250048;7
bugonline;722512324691652608;7
bugonline;722507333843218434;7
bugonline;722493236636467200;3
bugonline;722460641424973824;3
bugonline;722443025239187457;3
bugonline;722435685454594049;7
bugonline;722428932067311617;3
bugonline;722425115267440640;7
bugonline;722415720441757696;6
bugonline;722397517325983745;6
bugonline;722381955980009472;6
bugonline;722377845822107648;3
bugonline;722368156308779008;6
bugonline;722366689833328644;6
bugonline;722351710069526528;3
bugonline;722338199507484672;6
bugonline;722337035449671680;6
bugonline;722336728967704578;3
bugonline;722336437471944704;6
bugonline;722326748550012928;3
bugonline;722326262157611008;7
bugonline;722326121308647425;6
bugonline;722325932221063168;6
bugonline;722325765908520961;3
bugonline;722325446596104192;3
bugonline;722325227896729600;6
bugonline;722325008756973568;7
bugonline;722307371024969732;6
bugonline;722272828981174272;6
bugonline;722186279803351040;7
bugonline;722185367257006080;7
bugonline;722184763449176064;7
bugonline;722175703953850368;7
bugonline;722124667910287362;6
bugonline;722122554148855810;6
bugonline;722108360796073985;3
bugonline;722098696918319105;7
bugonline;722066686191513600;3
bugonline;722051586671931392;3
bugonline;722036487764774916;6
bugonline;722025313996292096;6
bugonline;722012329127358464;3
bugonline;721993308738859008;3
bugonline;721983036179484672;7
bugonline;721982129823997952;6
bugonline;721980015760551936;6
bugonline;721976090185592832;7
bugonline;721973649792753664;7
bugonline;721973517110145025;6
bugonline;721972141776900096;6
bugonline;721971773571342338;6
bugonline;721971358767456256;3
bugonline;721970978235002880;6
bugonline;721970762060603392;7
bugonline;721968540467793920;7
bugonline;721960687896018944;6
bugonline;721947395744014336;6
bugonline;721927764702576640;6
bugonline;721920262267084800;6
bugonline;721804966407614464;3
bugonline;721739253189910529;7
bugonline;721705883475034112;3
bugonline;721658773459349505;3
bugonline;721656482572419072;6
bugonline;721653538057777152;6
bugonline;721652883847061506;6
bugonline;721640124967161857;7
bugonline;721610026553647104;7
bugonline;721578947725631488;3
bugonline;721463463881666562;3
bugonline;721459210727374848;7
bugonline;721426495634321408;6
bugonline;721425841465462784;7
bugonline;721403267515883520;7
bugonline;721375129524170752;7
bugonline;721336571954380800;3
bugonline;721327804248363010;6
bugonline;721309987000213508;6
bugonline;721301832841216000;6
bugonline;721296397404934144;6
bugonline;721293377434730500;3
bugonline;721286129941671936;6
bugonline;721265292509343744;7
bugonline;721251099563421696;6
bugonline;721239925614592000;3
bugonline;721239019422629888;6
bugonline;721226033987526656;7
bugonline;721213048468480000;7
bugonline;721210328734769152;7
bugonline;721210028766715904;3
bugonline;721198851168841728;6
bugonline;721087720978849793;3
bugonline;721070205921845249;6
bugonline;721065977614626816;7
bugonline;721046349207244801;3
bugonline;721029439438647296;3
bugonline;721017052954259456;3
bugonline;721000141591875584;7
bugonline;720965714232877057;7
bugonline;720935817473048576;6
bugonline;720917094381002752;6
bugonline;720904144329039873;6
bugonline;720883885932818432;6
bugonline;720875665336115200;7
bugonline;720862747160776709;3
bugonline;720853645907001344;3
bugonline;720849828649938944;6
bugonline;720843369891532800;3
bugonline;720740023960776704;7
bugonline;720735913500897280;6
bugonline;720722698918359040;3
bugonline;720690109461446657;6
bugonline;720676307860852743;6
bugonline;720676016188952577;7
bugonline;720671318539165696;7
bugonline;720615826852880386;6
bugonline;720607312377999361;6
bugonline;720602027957555204;3
bugonline;720587641473875968;3
bugonline;720575599706783744;6
bugonline;720569726892646402;3
bugonline;720565616722227200;3
bugonline;720564149059772416;3
bugonline;720553284747051008;6
bugonline;720543889229246464;6
bugonline;720534563349520384;3
bugonline;720521216478572544;7
bugonline;720519043455840256;3
bugonline;720518422707220480;3
bugonline;720494524791971841;3
bugonline;720455398151614464;3
bugonline;720341660975132672;7
bugonline;720336741203316737;3
bugonline;720336162645229570;7
bugonline;720328638076465153;6
bugonline;720319083980333056;6
bugonline;720299693436108800;6
bugonline;720290719735377920;6
bugonline;720269300955815940;6
bugonline;720266695831658496;3
bugonline;720258880857640960;6
bugonline;720240354742640640;3
bugonline;720211703267504128;7
bugonline;720190574993764352;7
bugonline;720184785591779328;3
bugonline;720169157724127232;6
bugonline;720167422997696512;3
bugonline;720158447862444032;6
bugonline;720158160191942657;3
bugonline;720130085660069888;6
bugonline;720115325707137025;6
bugonline;720111274076581889;3
bugonline;720013634613678081;6
bugonline;720012023669633024;6
bugonline;719979278516035585;7
bugonline;719972030368608256;7
bugonline;719970148728369153;7
bugonline;719956724405379072;6
bugonline;719953775037935616;7
bugonline;719919680253792256;3
bugonline;719918338063929344;3
bugonline;719897135576150017;7
bugonline;719865186992177153;7
bugonline;719858477338869760;3
bugonline;719844249269874688;3
bugonline;719840758963048452;3
bugonline;719826263670681600;7
bugonline;719814989763227648;3
bugonline;719802642222997504;6
bugonline;719792439171674112;7
bugonline;719792172959141888;3
bugonline;719754049420193792;6
bugonline;719750784238411776;6
bugonline;719647438148120580;7
bugonline;719638926504407040;3
bugonline;719629526528077824;7
bugonline;719629240942141440;3
bugonline;719608095295545344;6
bugonline;719607214432985088;3
bugonline;719559544230293505;3
bugonline;719559231528112129;3
bugonline;719517082182946816;6
bugonline;719512361351127040;3
bugonline;719491914534371328;7
bugonline;719488455768731648;7
bugonline;719478079043825664;3
bugonline;719473354953093120;7
bugonline;719463288891969536;3
bugonline;719459513632473088;3
bugonline;719444728438255616;6
bugonline;719433089492119552;3
bugonline;719431829107929088;7
bugonline;719431514589630464;6
bugonline;719431199865839616;3
bugonline;719430887989985281;6
bugonline;719392382324748288;3
bugonline;719377711085522944;3
bugonline;719285806825934848;7
bugonline;719241792332374016;3
bugonline;719227951275974656;3
bugonline;719206356834717696;3
bugonline;719183099372969984;6
bugonline;719178946865209345;3
bugonline;719177009285476352;3
bugonline;719172857629171714;7
bugonline;719093019484536832;3
bugonline;719084140247793664;3
bugonline;719058113119301632;6
bugonline;719053520448667648;7
bugonline;719031475434336256;3
bugonline;719025964764786688;3
bugonline;718938702668546048;6
bugonline;718922474600153088;7
bugonline;718905020352172032;3
bugonline;718903489246707717;7
bugonline;718874400347594752;7
bugonline;718872869279805440;3
bugonline;718846537544134657;6
bugonline;718840107772551168;3
bugonline;718837658101948417;6
bugonline;718823268019486720;3
bugonline;718820512663805952;7
bugonline;718811327171596289;3
bugonline;718792956396900353;6
bugonline;718782546163666944;6
bugonline;718777339006619648;7
bugonline;718777034726588416;3
bugonline;718763563100323840;6
bugonline;718746417146290176;7
bugonline;718744273835991040;3
bugonline;718734476008927233;6
bugonline;718732945545170944;7
bugonline;718710874333134848;6
bugonline;718698366419517440;7
bugonline;718677521173258240;6
bugonline;718663525145686016;3
bugonline;718649826594922496;3
bugonline;718565849922146309;3
bugonline;718564956535398400;6
bugonline;718563765587984384;7
bugonline;718547982342365188;7
bugonline;718514332305342465;7
bugonline;718481278283161600;7
bugonline;718473237341016065;7
bugonline;718427972110299136;7
bugonline;718425292071636996;3
bugonline;718405637068165120;3
bugonline;718399085481443329;6
bugonline;718396702982582273;3
bugonline;718378537519071233;3
bugonline;718377643780005888;6
bugonline;718370199385305090;7
bugonline;718360669612023809;6
bugonline;718349651578089473;7
bugonline;718340122694037506;3
bugonline;718339524657590273;3
bugonline;718339228967563267;7
bugonline;718331783822065664;7
bugonline;718317192165658625;6
bugonline;718288604611616769;7
bugonline;718279494012944384;3
bugonline;718212962780082176;7
bugonline;718198430124924928;3
bugonline;718181312356593665;7
bugonline;718173235712548865;7
bugonline;718172915540303872;3
bugonline;718170009055404032;3
bugonline;718169039735009285;7
bugonline;718152245729222656;7
bugonline;718149985158750209;7
bugonline;718101856355008512;7
bugonline;718085057592864768;6
bugonline;718084737370365952;3
bugonline;718074401770569729;3
bugonline;718065354229092357;7
bugonline;718055987849117697;7
bugonline;718051143495065600;6
bugonline;718034346683285504;3
bugonline;718022395106353156;3
bugonline;718014644149960708;7
bugonline;718007214674415616;6
bugonline;717996233479073792;3
bugonline;717993327073824768;7
bugonline;717963612686577665;3
bugonline;717959412200120320;7
bugonline;717959091482726400;3
bugonline;717951017413947392;3
bugonline;717939780433088512;7
bugonline;717911545204879361;3
bugonline;717824560394018817;7
bugonline;717819728828448768;7
bugonline;717811675873808384;6
bugonline;717803085851189252;7
bugonline;717779724433551360;7
bugonline;717763080286048256;3
bugonline;717745094510698497;7
bugonline;717698122328178688;7
bugonline;717674495113302016;3
bugonline;717670468766023680;7
bugonline;717654093435695104;7
bugonline;717651409072701440;7
bugonline;717642281508028416;7
bugonline;717629933103804416;7
bugonline;717618119552925696;3
bugonline;717608990885195777;7
bugonline;717608722202275840;6
bugonline;717608454777671680;6
bugonline;717608187348824064;3
bugonline;717593423306481664;7
bugonline;717579196634177536;7
bugonline;717538935619063808;3
bugonline;717464844925054977;7
bugonline;717456255305039874;6
bugonline;717454644839104514;7
bugonline;717446326825385984;3
bugonline;717430451854524416;6
bugonline;717429109308203008;7
bugonline;717424274638827521;7
bugonline;717400006710464513;7
bugonline;717380450738696194;7
bugonline;717370673719590913;7
bugonline;717335265459761153;7
bugonline;717318089550000128;3
bugonline;717302499691114496;3
bugonline;717294572360114177;3
bugonline;717282415950098432;3
bugonline;717282153365684227;7
bugonline;717270527044427776;3
bugonline;717261806255865856;7
bugonline;717253614574637056;3
bugonline;717250177476784128;6
bugonline;717235114040799232;3
bugonline;717228507961671680;7
bugonline;717227979575803904;3
bugonline;717217938604949504;7
bugonline;717214503528751104;3
bugonline;717212389784100864;3
bugonline;717208690529595392;3
bugonline;717200763466948613;3
bugonline;717110922981019648;6
bugonline;717101674729500672;7
bugonline;717096654348926977;3
bugonline;717090312909418497;6
bugonline;717080271468765184;7
bugonline;717074193989419009;7
bugonline;717072607447818240;7
bugonline;717066001133740034;3
bugonline;717054373671669760;7
bugonline;717042218763231232;7
bugonline;717037727120756736;7
bugonline;717026365028110336;3
bugonline;717024779245654016;7
bugonline;717010244090593284;3
bugonline;717009981875363840;7
bugonline;716988843178782721;3
bugonline;716977216551264256;3
bugonline;716962935877287936;7
bugonline;716953469396058112;3
bugonline;716939397967585281;6
bugonline;716931210690297856;3
bugonline;716910998620356608;3
bugonline;716906649227816960;3
bugonline;716898204223217664;3
bugonline;716897950547505152;3
bugonline;716891554145763328;3
bugonline;716885671487676416;7
bugonline;716885158163582977;3
bugonline;716869039558172672;6
bugonline;716867504501604353;3
bugonline;716855223650750464;3
bugonline;716836546859704320;3
bugonline;716743417494179840;3
bugonline;716718088167813126;7
bugonline;716715018222440448;7
bugonline;716698898748809216;6
bugonline;716687897290792960;3
bugonline;716680732538761216;7
bugonline;716675615391395840;6
bugonline;716656426614132736;3
bugonline;716654891935117316;3
bugonline;716654380259418112;6
bugonline;716632119989116928;7
bugonline;716584017118765056;7
bugonline;716556893339013120;3
bugonline;716555613451509760;7
bugonline;716536414750511104;3
bugonline;716505950698487808;3
bugonline;716495151347138561;3
bugonline;716385556066877440;7
bugonline;716332227689361408;7
bugonline;716326341981970432;7
bugonline;716315542601248768;3
bugonline;716303438037037057;7
bugonline;716299838204297216;6
bugonline;716274319857467394;7
bugonline;716270721115242496;7
bugonline;716266795540332545;3
bugonline;716179772414373888;3
bugonline;716156488050483200;7
bugonline;716153674754600960;7
bugonline;716141868954820608;3
bugonline;716135686831783936;3
bugonline;716022000813219840;7
bugonline;716020692098105345;3
bugonline;716006949880537089;7
bugonline;716006624968720385;7
bugonline;716005973815652352;3
bugonline;715998121994674177;3
bugonline;715948065585242118;3
bugonline;715926467352211456;3
bugonline;715887202975277057;6
bugonline;715882940203417601;7
bugonline;715882613009940480;7
bugonline;715882288177917953;3
bugonline;715853170535186432;7
bugonline;715844664201445376;3
bugonline;715836484838957056;3
bugonline;715834521845907457;3
bugonline;715802788391952388;3
bugonline;715785449172811778;7
bugonline;715781523144851457;6
bugonline;715764183082643456;3
bugonline;715746517869527040;3
bugonline;715657699002826752;7
bugonline;715634420091322368;7
bugonline;715630698837774336;6
bugonline;715628526217596928;3
bugonline;715600588776595456;7
bugonline;715590346382688257;7
bugonline;715586314763157504;3
bugonline;715564585403695104;7
bugonline;715534167996542976;7
bugonline;715531684842770432;3
bugonline;715522062589276164;7
bugonline;715514613333430272;7
bugonline;715501580959813632;3
bugonline;715491333494800384;7
bugonline;715491025205198848;7
bugonline;715471160314503169;3
bugonline;715468987367301120;3
bugonline;715459676440293376;3
bugonline;715450362967228416;6
bugonline;715450052903309312;3
bugonline;715449744315838464;7
bugonline;715429260350132224;7
bugonline;715404162050039809;6
bugonline;715383341734883329;7
bugonline;715302509267533829;3
bugonline;715302203716726784;7
bugonline;715298836089061376;7
bugonline;715280465293352960;3
bugonline;715262397053804544;3
bugonline;715256885771956225;6
bugonline;715222576449077248;7
bugonline;715218040397434880;7
bugonline;715215562301956099;3
bugonline;715195377843105794;7
bugonline;715195069754654720;7
bugonline;715192276708933633;7
bugonline;715184516957138945;3
bugonline;715160307916804096;7
bugonline;715136407665291265;7
bugonline;715133924662448128;6
bugonline;715128027563311104;7
bugonline;715119955818242048;3
bugonline;715119647541043200;7
bugonline;715115614302511104;3
bugonline;715113750307717120;7
bugonline;715105680894599168;7
bugonline;715089231027245056;3
bugonline;715088299958861824;6
bugonline;715073401388462080;6
bugonline;715067504348020736;7
bugonline;715060055817773057;7
bugonline;715043175820369924;7
bugonline;715033033863258112;3
bugonline;715021256735727616;3
bugonline;714951246818447360;3
bugonline;714934889477513216;6
bugonline;714893339401785345;7
bugonline;714889411171913728;7
bugonline;714868799841955841;3
bugonline;714864546721243137;3
bugonline;714863892569133056;6
bugonline;714841316602019841;7
bugonline;714831829224853505;7
bugonline;714826267388985344;7
bugonline;714811872365690880;7
bugonline;714802058210238465;6
bugonline;714784164575387649;7
bugonline;714773829848051712;6
bugonline;714758650909310977;7
bugonline;714756067884986368;7
bugonline;714753806395957249;3
bugonline;714745086744137729;7
bugonline;714718602176372740;3
bugonline;714718279017869312;3
bugonline;714717958573056001;7
bugonline;714711177666945024;7
bugonline;714687600183877634;7
bugonline;714684047801327616;3
bugonline;714676938338660353;3
bugonline;714564889398804480;3
bugonline;714526176652435456;3
bugonline;714501912448598020;3
bugonline;714479011297107968;3
bugonline;714451749474590721;3
bugonline;714442206975762432;6
bugonline;714422850430611456;7
bugonline;714400222076657664;3
bugonline;714396404957970432;3
bugonline;714385226907140096;3
bugonline;714362326384775168;3
bugonline;714348971624411136;7
bugonline;714324306499608576;3
bugonline;714316656265310208;6
bugonline;714299124137521153;3
bugonline;714176719872204800;3
bugonline;714158549761400833;3
bugonline;714146436716347395;3
bugonline;714141017704951810;3
bugonline;714101172353765376;3
bugonline;714075348439277569;6
bugonline;714075031651921920;3
bugonline;714060368113479681;7
bugonline;714045067841970177;7
bugonline;714030085817376768;7
bugonline;714018929379778560;3
bugonline;713997890897707008;3
bugonline;713995022081896448;7
bugonline;713954221083795456;3
bugonline;713885236849995776;7
bugonline;713864097264246784;3
bugonline;713840315552174081;7
bugonline;713819705144958976;7
bugonline;713776898573275136;3
bugonline;713775048939737089;7
bugonline;713759722676035584;3
bugonline;713746773026713600;3
bugonline;713746511016947713;3
bugonline;713675167126392832;3
bugonline;713668560925667328;7
bugonline;713667767799574528;7
bugonline;713661426259329025;3
bugonline;713652177705836544;7
bugonline;713623375655145472;7
bugonline;713607412645773313;7
bugonline;713458932862169089;7
bugonline;713451005074137093;3
bugonline;713447041758846976;7
bugonline;713418503949262848;7
bugonline;713397884503400449;7
bugonline;713389957306523648;7
bugonline;713379916243460096;3
bugonline;713371988144873474;3
bugonline;713358775697154049;6
bugonline;713358247051264000;7
bugonline;713348205686210560;3
bugonline;713323895491850240;7
bugonline;713306982560739328;3
bugonline;713306720626417664;6
bugonline;713305399093563392;3
bugonline;713290336643231744;3
bugonline;713284259054804992;6
bugonline;713265496502771712;3
bugonline;713254663135608832;6
bugonline;713253341501988864;6
bugonline;713252548589830144;3
bugonline;713242243319140352;3
bugonline;713228239217508352;3
bugonline;713138662565871617;7
bugonline;713127828510871552;6
bugonline;713089778594537472;3
bugonline;713068903879073792;7
bugonline;713036139104436224;6
bugonline;713026224201797632;6
bugonline;713021379667484673;3
bugonline;713007492540796929;7
bugonline;713004909042528256;6
bugonline;712992636861333504;6
bugonline;712979072725426177;7
bugonline;712977780598824960;3
bugonline;712953881366503424;3
bugonline;712950329114017793;6
bugonline;712941609734828032;7
bugonline;712927073820622848;3
bugonline;712926751152807936;3
bugonline;712926428170469376;3
bugonline;712926104986730496;7
bugonline;712925782113443841;3
bugonline;712925461198868480;6
bugonline;712740727936122880;3
bugonline;712725871703040000;7
bugonline;712716182713942016;3
bugonline;712710046543642626;7
bugonline;712683924116385792;3
bugonline;712671339249840128;7
bugonline;712665674892578816;3
bugonline;712648372142923783;7
bugonline;712641451985911808;3
bugonline;712633270542929921;6
bugonline;712620371447513089;3
bugonline;712614394434289664;3
bugonline;712600552887156738;7
bugonline;712589225049329664;3
bugonline;712580729562075136;7
bugonline;712580417090674688;3
bugonline;712573496644276228;3
bugonline;712563430310469632;7
bugonline;712559026165452800;7
bugonline;712536377125179392;6
bugonline;712527569233526785;7
bugonline;712509949658734592;7
bugonline;712491705140953089;7
bugonline;712428788479619073;6
bugonline;712372794873487361;3
bugonline;712372165790793728;6
bugonline;712354235359346688;7
bugonline;712347315135225856;7
bugonline;712332529907462146;6
bugonline;712323407686311936;3
bugonline;712319947356110848;3
bugonline;712312397256593409;7
bugonline;712288490164191232;7
bugonline;712280626435649536;7
bugonline;712276222382833664;3
bugonline;712259550473281537;3
bugonline;712234898636066816;7
bugonline;712223101623377920;3
bugonline;712222793602113542;3
bugonline;712215344585293825;7
bugonline;712207274522050560;3
bugonline;712203860580900864;7
bugonline;712189270849617920;7
bugonline;712188960605339648;7
bugonline;712188652361814016;3
bugonline;712156781909295104;7
bugonline;712151153262338052;3
bugonline;712146803664277504;3
bugonline;712058531596406784;7
bugonline;712035491848331264;3
bugonline;712028838788784129;7
bugonline;712006831783211008;3
bugonline;711950789493825536;7
bugonline;711947463050059776;7
bugonline;711933134791696385;7
bugonline;711920596326752256;3
bugonline;711920466550759424;3
bugonline;711901919682412544;7
bugonline;711893475994767360;6
bugonline;711879407607091200;6
bugonline;711870702039769088;3
bugonline;711870191039156228;7
bugonline;711854839056240640;7
bugonline;711840511401840642;3
bugonline;711826432612290560;3
bugonline;711826178701729792;3
bugonline;711796647462879232;6
bugonline;711789991417028608;3
bugonline;711694302922072064;3
bugonline;711691488518868992;7
bugonline;711659507701686273;3
bugonline;711648761920020480;7
bugonline;711629823416922117;3
bugonline;711617542897475585;6
bugonline;711603471003348993;3
bugonline;711593488668819456;3
bugonline;711592721195081728;6
bugonline;711575352087281664;7
bugonline;711565600875802629;3
bugonline;711550249790214144;7
bugonline;711543854130978817;3
bugonline;711510849614188544;7
bugonline;711508546601484288;7
bugonline;711498824540356608;3
bugonline;711495754116952064;6
bugonline;711491660878848000;3
bugonline;711460703010471936;6
bugonline;711445863239966720;3
bugonline;711435629251452928;3
bugonline;711431791744294913;7
bugonline;711414395297988608;3
bugonline;711356384500129792;6
bugonline;711327208187564032;7
bugonline;711317586059911168;7
bugonline;711305481306906629;3
bugonline;711295237860278272;7
bugonline;711294617103294464;7
bugonline;711292134322786304;3
bugonline;711271331749347332;7
bugonline;711249604835196928;7
bugonline;711240603649101825;7
bugonline;711225406414790656;3
bugonline;711205529335566340;7
bugonline;711176353937285120;3
bugonline;711146247768383488;7
bugonline;711145627036557312;3
bugonline;711139419529601024;7
bugonline;711124832201678848;3
bugonline;711117693466906624;6
bugonline;711079516475682816;6
bugonline;711076412812357637;6
bugonline;711066791062200320;6
bugonline;711059653145325568;3
bugonline;711055617717305344;7
bugonline;711053445185282049;3
bugonline;710976782451744768;6
bugonline;710965297633742849;7
bugonline;710942640905306112;6
bugonline;710921441991122944;6
bugonline;710912806200217606;3
bugonline;710907445888098304;3
bugonline;710894045560700928;3
bugonline;710876773391667200;7
bugonline;710874686893195265;6
bugonline;710874391219978241;7
bugonline;710860096755077121;7
bugonline;710845505404805120;6
bugonline;710832401866366976;7
bugonline;710831508379058176;7
bugonline;710817809849303041;3
bugonline;710810961674899456;7
bugonline;710809769301377024;6
bugonline;710798452943405057;3
bugonline;710785945595998209;3
bugonline;710778798535536640;3
bugonline;710778203317649408;3
bugonline;710762718240890880;3
bugonline;710746339592818689;6
bugonline;710741277382463488;3
bugonline;710738299174981632;3
bugonline;710737106025447424;7
bugonline;710736810331262977;7
bugonline;710730259163975680;7
bugonline;710724303201951748;6
bugonline;710720134340595712;3
bugonline;710604591369424896;3
bugonline;710587021367119874;3
bugonline;710577491874865152;3
bugonline;710573323017691136;3
bugonline;710566771456143360;6
bugonline;710558433330794497;3
bugonline;710550095087927296;6
bugonline;710536099366641665;7
bugonline;710529249875202048;7
bugonline;710504854767210496;3
bugonline;710504785917702147;7
bugonline;710491657838444546;7
bugonline;710488534990393344;3
bugonline;710475327525560320;3
bugonline;710472517559918592;7
bugonline;710463524535803905;7
bugonline;710441324483387394;7
bugonline;710436825773568000;7
bugonline;710428392504619008;7
bugonline;710428113684013056;3
bugonline;710415748548665344;6
bugonline;710415186449068032;3
bugonline;710390175839461376;3
bugonline;710386520360947712;3
bugonline;710386239950745601;7
bugonline;710385958408097793;7
bugonline;710385677242929152;7
bugonline;710385398678167552;3
bugonline;710322092215029761;3
bugonline;710234238067580928;3
bugonline;710221350997245952;7
bugonline;710213834968010752;7
bugonline;710196653941202945;3
bugonline;710166320608911360;7
bugonline;710161218602983424;7
bugonline;710138131580899329;7
bugonline;710136252859879424;3
bugonline;710126587157618688;6
bugonline;710109675925217280;6
bugonline;710093834533863424;3
bugonline;710085245652111360;6
bugonline;710083366461300736;3
bugonline;710082560311861248;3
bugonline;710081218096832512;6
bugonline;710077190671626240;6
bugonline;710056252144029696;3
bugonline;710048464382640128;3
bugonline;710034505977954304;3
bugonline;710027794789605376;3
bugonline;710018665819856896;6
bugonline;710018399687069696;6
bugonline;710014641871712256;6
bugonline;709994509044678656;6
bugonline;709984306240884736;3
bugonline;709984039906779136;6
bugonline;709974376242921472;6
bugonline;709958807523299328;3
bugonline;709881498162352129;3
bugonline;709880153502044160;3
bugonline;709879887188910080;6
bugonline;709878544982286336;6
bugonline;709873981738917888;6
bugonline;709835058463510528;3
bugonline;709828615928737792;3
bugonline;709804456003682305;6
bugonline;709803382517661696;3
bugonline;709797609087623168;3
bugonline;709778519556014080;6
bugonline;709778227783475200;6
bugonline;709751217145167872;6
bugonline;709746813398605824;6
bugonline;709732132546093057;3
bugonline;709718039848198144;6
bugonline;709713048504762368;3
bugonline;709702771726012417;6
bugonline;709696606271045632;6
bugonline;709689265840660480;6
bugonline;709679870671003648;3
bugonline;709679283623563264;3
bugonline;709665190581813252;3
bugonline;709658731580104705;6
bugonline;709655208423518208;6
bugonline;709653740605808644;6
bugonline;709488779170549763;3
bugonline;709488124087410688;3
bugonline;709487470346432512;7
bugonline;709446247057326080;6
bugonline;709406006527324160;6
bugonline;709403389931683840;6
bugonline;709395210971774976;3
bugonline;709379833000816640;6
bugonline;709365763442917377;3
bugonline;709352134194700288;6
bugonline;709334189712211969;3
bugonline;709317692315013120;3
bugonline;709303511654092800;6
bugonline;709281514438139905;6
bugonline;709281225173831680;6
bugonline;709280935620026368;6
bugonline;709280648381517828;7
bugonline;709280069525573636;6
bugonline;709272254899744768;6
bugonline;709258363826266112;3
bugonline;709156783638626310;6
bugonline;709131316474859520;3
bugonline;709100059930042368;6
bugonline;709098032957100032;3
bugonline;709068214018424832;3
bugonline;709014961675247617;6
bugonline;709001938382282752;3
bugonline;708981961948270592;3
bugonline;708955623371743232;6
bugonline;708938259473293312;6
bugonline;708937681041006592;6
bugonline;708908296661561344;6
bugonline;708880815711789056;3
bugonline;708790522291347459;6
bugonline;708773309429768192;6
bugonline;708728309044088832;6
bugonline;708726799216283648;6
bugonline;708707468730372097;6
bugonline;708693879109914625;6
bugonline;708682403577987072;3
bugonline;708660358152626176;6
bugonline;708658546150416384;6
bugonline;708657336924114944;3
bugonline;708653107312508928;6
bugonline;708652807931482112;6
bugonline;708577008226279425;3
bugonline;708573082378698752;6
bugonline;708554057108070400;3
bugonline;708548018195267584;3
bugonline;708543488607043584;3
bugonline;708542280127389696;6
bugonline;708534446555791360;6
bugonline;708515229370609666;3
bugonline;708414914856161280;7
bugonline;708407969298386946;6
bugonline;708394077033779200;6
bugonline;708379317894574081;6
bugonline;708363979261939717;3
bugonline;708359638429900805;6
bugonline;708343141305294848;6
bugonline;708324906027589632;6
bugonline;708324618822672385;3
bugonline;708308411620917250;3
bugonline;708301176605949954;3
bugonline;708297124568502272;6
bugonline;708294809413357569;6
bugonline;708275420114894848;6
bugonline;708270789724872704;3
bugonline;708267895491530752;6
bugonline;708263843760365569;6
bugonline;708246769092718592;3
bugonline;708235771099090945;6
bugonline;708235192964669440;6
bugonline;708225641783627780;7
bugonline;708194094422446080;7
bugonline;708180492001017856;6
bugonline;708165243797569537;6
bugonline;708074475670077440;3
bugonline;708039309719425024;7
bugonline;708035936593035265;7
bugonline;708024134014541824;6
bugonline;708020477822947328;6
bugonline;708004178275266560;6
bugonline;708002773263106048;7
bugonline;707962868742881280;3
bugonline;707962309113733120;6
bugonline;707949661739307008;3
bugonline;707944880945893376;3
bugonline;707934483090120705;6
bugonline;707933358156808192;3
bugonline;707919868461449216;6
bugonline;707907784554242048;3
bugonline;707905536344387585;6
bugonline;707900478068285440;6
bugonline;707887269177331712;6
bugonline;707876590462636032;6
bugonline;707871532182331392;3
bugonline;707858605576462336;6
bugonline;707844554725130240;3
bugonline;707833873929994245;7
bugonline;707833595101057026;6
bugonline;707818421573042176;3
bugonline;707816452326334465;6
bugonline;707802320822792192;3
bugonline;707788227286011904;3
bugonline;707781935976869889;3
bugonline;707706188062990336;6
bugonline;707685048653373442;6
bugonline;707676744199888897;3
bugonline;707665671187009536;6
bugonline;707658373072867328;6
bugonline;707649817019863041;3
bugonline;707643268457242624;6
bugonline;707641758356742146;6
bugonline;707635467173363717;6
bugonline;707620367418986496;3
bugonline;707592792743256065;6
bugonline;707574296089108481;6
bugonline;707556328026279937;6
bugonline;707532546318462976;6
bugonline;707514842165485568;3
bugonline;707514049706196992;6
bugonline;707502951749779456;3
bugonline;707481284117970944;6
bugonline;707477056754491392;6
bugonline;707452747235381248;6
bugonline;707439229958283268;6
bugonline;707431478502809606;6
bugonline;707344833665441792;3
bugonline;707323518715863041;3
bugonline;707295282740994048;3
bugonline;707281995446022144;6
bugonline;707271476664246272;7
bugonline;707269262067499010;6
bugonline;707259573175001089;3
bugonline;707254867371429889;6
bugonline;707243240542638081;6
bugonline;707226077085757440;6
bugonline;707220264011087872;6
bugonline;707205038813401088;3
bugonline;707193409728061440;6
bugonline;707186212407275520;6
bugonline;707185103198359552;7
bugonline;707184829264216064;6
bugonline;707163152534937600;6
bugonline;707143862742032386;6
bugonline;707136820677578752;6
bugonline;707104977429340160;6
bugonline;707100078801035264;3
bugonline;707085687829504000;3
bugonline;707080002844626945;4
bugonline;707073306764173312;3
bugonline;707072994506641408;3
bugonline;707061833610485761;3
bugonline;706996168883052544;3
bugonline;706966205140176896;6
bugonline;706963655296983042;3
bugonline;706947715259899906;6
bugonline;706940064828428289;3
bugonline;706920939330654208;6
bugonline;706908188436783105;6
bugonline;706889062142058497;3
bugonline;706870892706537472;7
bugonline;706859096578920448;3
bugonline;706858777702735872;6
bugonline;706858461527728129;6
bugonline;706851129494282240;3
bugonline;706836120852635648;3
bugonline;706812218915078144;6
bugonline;706808183856238592;3
bugonline;706797009840246784;6
bugonline;706787387498696704;6
bugonline;706786456451284992;3
bugonline;706777453805608960;7
bugonline;706764108067110912;3
bugonline;706722991523176448;3
bugonline;706718021696536576;6
bugonline;706712719488106497;3
bugonline;706593102383980544;6
bugonline;706584818574823425;3
bugonline;706575872619315205;6
bugonline;706571233396183041;3
bugonline;706554334776061954;6
bugonline;706540748171247622;3
bugonline;706531801846693888;6
bugonline;706528819742642176;6
bugonline;706514240681746433;6
bugonline;706500654655774722;3
bugonline;706497675785588736;3
bugonline;706465200610783234;6
bugonline;706445982813331456;6
bugonline;706439023422775296;6
bugonline;706437695845888000;6
bugonline;706437366874030080;3
bugonline;706436041348157440;3
bugonline;706420136853561344;6
bugonline;706386122834878464;6
bugonline;706253959074353152;6
bugonline;706223042964361217;6
bugonline;706211152695586817;6
bugonline;706204282660511744;6
bugonline;706176008337100801;3
bugonline;706171516459880448;3
bugonline;706146149988696064;6
bugonline;706117875917070336;3
bugonline;706095944333398016;6
bugonline;706080089335861249;3
bugonline;706069783717015552;3
bugonline;706057628632424448;6
bugonline;706042303408947200;3
bugonline;706026448948236288;3
bugonline;706017462689636353;6
bugonline;706017200637919232;6
bugonline;706009538072338432;3
bugonline;705921152695324672;3
bugonline;705897296182059013;6
bugonline;705891000439480320;3
bugonline;705873107257577472;6
bugonline;705854882574684160;6
bugonline;705838979795578882;3
bugonline;705821082083786752;6
bugonline;705820753032306696;6
bugonline;705788610411364352;6
bugonline;705763096938356736;6
bugonline;705762103156740097;6
bugonline;705747529137262592;3
bugonline;705744872930742272;6
bugonline;705738908164857856;3
bugonline;705732612812365824;3
bugonline;705715714703941633;6
bugonline;705712069363027969;3
bugonline;705706105180200960;7
bugonline;705693514462396416;3
bugonline;705692520278265856;3
bugonline;705684898556805121;6
bugonline;705664019391225856;3
bugonline;705663689932804096;6
bugonline;705662364633452544;6
bugonline;705653418681978880;6
bugonline;705638511391559680;6
bugonline;705632686962946048;3
bugonline;705630196909486080;3
bugonline;705626873133305856;6
bugonline;705614692656521216;6
bugonline;705546319469940741;3
bugonline;705505922974654464;3
bugonline;705505402973196289;6
bugonline;705486417472962561;6
bugonline;705482516426268672;6
bugonline;705468212520099840;3
bugonline;705457809580810240;6
bugonline;705452349863628800;3
bugonline;705438567976333312;7
bugonline;705433625232277505;3
bugonline;705424001359806465;6
bugonline;705418018424274947;3
bugonline;705414118497501185;6
bugonline;705393049870925825;7
bugonline;705390190618083330;3
bugonline;705384986510270464;6
bugonline;705376923808079872;3
bugonline;705368342119452672;3
bugonline;705363401669738496;6
bugonline;705354039815479296;3
bugonline;705347798913433600;6
bugonline;705341557826785280;6
bugonline;705338957400293376;3
bugonline;705320233955942401;3
bugonline;705309052180566016;6
bugonline;705302550682193920;3
bugonline;705288508093677568;3
bugonline;705276806203645952;3
bugonline;705271865573576705;6
bugonline;705266404652666880;6
bugonline;705257563294666754;6
bugonline;705251322174504960;3
bugonline;705175909729439748;6
bugonline;705175129844817921;6
bugonline;705158487144325120;3
bugonline;705136383497773057;6
bugonline;705119740868608000;7
bugonline;705109857926582280;6
bugonline;705091915570659330;7
bugonline;705086972298186752;7
bugonline;705086715740995585;6
bugonline;705063736814538752;6
bugonline;705063483226890240;3
bugonline;705057086233772032;3
bugonline;705033803799138304;3
bugonline;705032523844288513;6
bugonline;705031756538376193;6
bugonline;705018968076132352;3
bugonline;705009497719357440;6
bugonline;705001822176591872;3
bugonline;704991843902169088;3
bugonline;704972911296253952;6
bugonline;704960630332252160;6
bugonline;704959095648948225;3
bugonline;704937859376095232;6
bugonline;704926346607206400;3
bugonline;704913809782272000;3
bugonline;704902882462736388;3
bugonline;704884343588651008;6
bugonline;704807622353031169;6
bugonline;704785090652545024;6
bugonline;704773966892765184;3
bugonline;704772826079862785;6
bugonline;704746870057345024;6
bugonline;704746586832769024;3
bugonline;704731470942834688;3
bugonline;704718350862176256;6
bugonline;704714070654623745;6
bugonline;704713787610374144;6
bugonline;704686403951697920;3
bugonline;704683551111958528;6
bugonline;704679270010982402;6
bugonline;704668432776744960;6
bugonline;704659591594905600;6
bugonline;704654457938780160;3
bugonline;704596301355343872;6
bugonline;704585396613730304;6
bugonline;704562767794212864;6
bugonline;704544502040682496;6
bugonline;704540685391761408;6
bugonline;704532506742235136;6
bugonline;704523782619340802;3
bugonline;704520514258268160;3
bugonline;704517239807021057;3
bugonline;704496519316160514;7
bugonline;704479616749182976;7
bugonline;704447447142158336;3
bugonline;704446629475127296;3
bugonline;704414732032282624;6
bugonline;704377926402383872;3
bugonline;704357477949825025;6
bugonline;704349026389499904;3
bugonline;704342755879882752;7
bugonline;704325029924872192;6
bugonline;704311398558507009;3
bugonline;704297494512058368;3
bugonline;704275957100781568;3
bugonline;704253874014691328;7
bugonline;704238330079272960;7
bugonline;704236967463006208;6
bugonline;704220063835017216;6
bugonline;704209424735408128;6
bugonline;704209151044546560;6
bugonline;704196979509878784;6
bugonline;704164998248005632;6
bugonline;704083893478170624;6
bugonline;704038095465873409;3
bugonline;704024021659164674;3
bugonline;704015066568527872;6
bugonline;703992805807550466;6
bugonline;703988968015138816;7
bugonline;703929352694665216;7
bugonline;703907346578284544;6
bugonline;703903508945313792;6
bugonline;703892508053471232;6
bugonline;703876900993814532;6
bugonline;703868711632052225;6
bugonline;703868458057011201;6
bugonline;703857456804290561;6
bugonline;703841082052710401;3
bugonline;703717073365680128;7
bugonline;703715410823270400;6
bugonline;703694925695729665;3
bugonline;703687174970019840;6
bugonline;703683299550613505;7
bugonline;703658106031624192;6
bugonline;703657829383675904;6
bugonline;703657552555470852;3
bugonline;703657275911770114;6
bugonline;703656998986981377;6
bugonline;703656723962335232;3
bugonline;703633747745316864;3
bugonline;703583085128978432;7
bugonline;703571181929164801;3
bugonline;703533811309608960;3
bugonline;703519975668113409;3
bugonline;703499484395925504;3
bugonline;703475122167025664;6
bugonline;703444522374721537;6
bugonline;703426806033022976;3
bugonline;703354866568134656;7
bugonline;703348155946033152;6
bugonline;703323847219679233;7
bugonline;703323522224025600;6
bugonline;703313380111732736;6
bugonline;703307490864275456;6
bugonline;703296694163734529;6
bugonline;703269213570514945;6
bugonline;703257761044406273;3
bugonline;703243689880068096;3
bugonline;703237146648383488;6
bugonline;703222422753906688;3
bugonline;703209662548742144;6
bugonline;703208681010294784;6
bugonline;703181853281234944;6
bugonline;703175964532969473;6
bugonline;703168448747032577;6
bugonline;703149133519925249;6
bugonline;703148806305492992;6
bugonline;703148481414696961;6
bugonline;703145536619065344;6
bugonline;703132122978988032;6
bugonline;703122635484319744;3
bugonline;703121327167680512;6
bugonline;703109549499092992;6
bugonline;703105950555635712;6
bugonline;703097444842631168;6
bugonline;703088367936868352;3
bugonline;703079966922117120;3
bugonline;702998179181109248;6
bugonline;702977543729750016;6
bugonline;702961183884759040;7
bugonline;702948601534812160;6
bugonline;702947091816062976;3
bugonline;702934757542404097;6
bugonline;702934507708661761;6
bugonline;702919909697785857;6
bugonline;702917144951070720;3
bugonline;702906569961431040;6
bugonline;702901787846688768;3
bugonline;702885313925013506;3
bugonline;702875747912962052;6
bugonline;702873835402616832;6
bugonline;702862678407180288;6
bugonline;702857573490413569;6
bugonline;702848336693489664;6
bugonline;702843536652300289;6
bugonline;702814526962536448;6
bugonline;702810063610765312;7
bugonline;702809426202382336;3
bugonline;702796994549587968;3
bugonline;702796356855930880;3
bugonline;702788069167071232;6
bugonline;702781375087288320;6
bugonline;702771812397096965;6
bugonline;702758100340776960;3
bugonline;702755868836806656;6
bugonline;702747580548128768;6
bugonline;702743118186156032;6
bugonline;702733117359058944;6
bugonline;702643148015669248;3
bugonline;702627367714422784;6
bugonline;702617402505338880;3
bugonline;702600785499176961;6
bugonline;702600510688378880;6
bugonline;702585838685839360;6
bugonline;702581686517813248;6
bugonline;702571721187057664;7
bugonline;702568952841555968;6
bugonline;702564798345703424;3
bugonline;702555661650010112;6
bugonline;702553170229202945;3
bugonline;702543205611511808;6
bugonline;702542651179065344;6
bugonline;702537666374541312;7
bugonline;702526870496083968;3
bugonline;702510814855630849;6
bugonline;702506939830419457;3
bugonline;702480357657026560;3
bugonline;702474820731211776;6
bugonline;702472882694332416;6
bugonline;702465131603693568;6
bugonline;702451741158215680;6
bugonline;702447432882384896;3
bugonline;702440805747785728;6
bugonline;702437160587280384;6
bugonline;702421587547570176;6
bugonline;702418605414203392;3
bugonline;702396071876685824;3
bugonline;702375792265859072;6
bugonline;702368318246817793;3
bugonline;702360567231746048;6
bugonline;702359736671404032;6
bugonline;702348109947543553;6
bugonline;702261188395200512;6
bugonline;702256205075509250;6
bugonline;702250945321762816;6
bugonline;702224920001044480;3
bugonline;702219665867677696;6
bugonline;702211076130213888;3
bugonline;702210801571074048;3
bugonline;702197790517161985;3
bugonline;702193084420005888;6
bugonline;702190316468703232;3
bugonline;702176467896180737;3
bugonline;702167333171761153;3
bugonline;702165672017657856;6
bugonline;702164841809756161;3
bugonline;702152936353308673;6
bugonline;702150441505837057;6
bugonline;702150166887972865;6
bugonline;702144624803053568;3
bugonline;702135489801879553;3
bugonline;702134106180755456;6
bugonline;702105590680707072;6
bugonline;702093964283932672;3
bugonline;702086487823798272;6
bugonline;702081505254887425;3
bugonline;702073474647515138;6
bugonline;702056584688623616;3
bugonline;702052432466018304;6
bugonline;702039975517429760;6
bugonline;702028347224825857;7
bugonline;702027516865859584;3
bugonline;702014851539984384;6
bugonline;702014256183713792;6
bugonline;701993708548448256;6
bugonline;701980605798608896;3
bugonline;701919558257475584;3
bugonline;701905562347433986;7
bugonline;701898116820238337;6
bugonline;701890076591136770;6
bugonline;701887693970612224;6
bugonline;701886205307310080;7
bugonline;701881441374892036;3
bugonline;701865061292384257;6
bugonline;701863571903422464;3
bugonline;701850469153562625;6
bugonline;701839150232813569;6
bugonline;701823963064881152;6
bugonline;701799542174445568;3
bugonline;701788524211785728;6
bugonline;701776311820410880;7
bugonline;701775118423433216;6
bugonline;701774823559667712;3
bugonline;701759335865704450;6
bugonline;701731639274160129;3
bugonline;701730743983144960;3
bugonline;701730448129576960;6
bugonline;701706025615941632;3
bugonline;701695602753720320;6
bugonline;701694709362778112;3
bugonline;701678032210235393;3
bugonline;701673267631935488;6
bugonline;701672074423705600;6
bugonline;701671776779112448;3
bugonline;701671478719340544;6
bugonline;701671183155126273;7
bugonline;701658378335084544;6
bugonline;701648756152922112;6
bugonline;701634863812710400;6
bugonline;701626762317447168;3
bugonline;701537660796583938;3
bugonline;701521051113672704;6
bugonline;701504995221491715;3
bugonline;701498073890037760;6
bugonline;701446303700676608;6
bugonline;701443258724052992;6
bugonline;701417791312814080;6
bugonline;701416684414963712;3
bugonline;701411147568783360;6
bugonline;701396753115914240;6
bugonline;701392600947945472;6
bugonline;701368517325692928;6
bugonline;701328378163556353;6
bugonline;701298481076502528;3
bugonline;701287408327860224;6
bugonline;701248930705711104;3
bugonline;701180555711352833;7
bugonline;701165329687388160;6
bugonline;701152872604573696;3
bugonline;701123669792313344;3
bugonline;701113468968161280;6
bugonline;701101389615857665;3
bugonline;701096557492436993;6
bugonline;701045280641257472;6
bugonline;701019507188436994;3
bugonline;701003401136623616;6
bugonline;700999374915162112;6
bugonline;700988637652131840;3
bugonline;700958833515110400;6
bugonline;700955075922022401;6
bugonline;700935479861112832;6
bugonline;700923023315091456;3
bugonline;700919802324512768;3
bugonline;700822358894977024;7
bugonline;700806788879425540;6
bugonline;700782629315072000;6
bugonline;700747464685527042;6
bugonline;700736995891552257;7
bugonline;700725451392733185;6
bugonline;700719546261438464;7
bugonline;700702254781829120;3
bugonline;700679026290126848;7
bugonline;700671878634061824;6
bugonline;700651628601307136;6
bugonline;700644779319668737;3
bugonline;700642694788321280;6
bugonline;700633165363154945;6
bugonline;700619460030427136;6
bugonline;700619162192887808;6
bugonline;700618864787398656;3
bugonline;700618566689751040;6
bugonline;700618271352037376;3
bugonline;700617079511191552;6
bugonline;700570027347546113;6
bugonline;700564965044973568;3
bugonline;700560795676098560;6
bugonline;700554245775478784;6
bugonline;700549182189387778;3
bugonline;700455015782203392;6
bugonline;700453478691373057;6
bugonline;700440941346320384;3
bugonline;700427380825923584;3
bugonline;700417145063239680;6
bugonline;700409725536620544;6
bugonline;700387977718013953;6
bugonline;700384651299418112;6
bugonline;700364950930325504;6
bugonline;700358810305695745;7
bugonline;700349085719650304;7
bugonline;700348062707884034;6
bugonline;700340642879250434;3
bugonline;700328104821133312;7
bugonline;700325289654685696;6
bugonline;700297405175107584;6
bugonline;700295608276484096;3
bugonline;700295354554716161;3
bugonline;700278211796672512;3
bugonline;700276932127145984;6
bugonline;700274885524922368;3
bugonline;700267642205138944;6
bugonline;700267354798825472;3
bugonline;700260988382216192;3
bugonline;700251727585484800;7
bugonline;700222493357928448;6
bugonline;700222206081634304;6
bugonline;700205999353942016;6
bugonline;700201079569571840;3
bugonline;700200500600442880;7
bugonline;700171849536245760;3
bugonline;700129886468444160;6
bugonline;700087344247009283;6
bugonline;700074899944120320;7
bugonline;700065060178235393;3
bugonline;700058404224679936;6
bugonline;700049142966546433;7
bugonline;700040460157513729;3
bugonline;700018466108137472;6
bugonline;700014412938285058;6
bugonline;699991549485182976;6
bugonline;699986629994409984;6
bugonline;699981133178601472;3
bugonline;699969842137456642;7
bugonline;699969552944402432;3
bugonline;699969265563258881;7
bugonline;699963188071243778;6
bugonline;699931063523610624;6
bugonline;699911963040686080;3
bugonline;699908200829730816;6
bugonline;699900965521125376;6
bugonline;699897492687691776;3
bugonline;699882154600361984;6
bugonline;699870578677784576;6
bugonline;699851137760018432;6
bugonline;699847312269561856;3
bugonline;699845399897579520;6
bugonline;699832968454541313;6
bugonline;699822525723893760;7
bugonline;699816129569624065;3
bugonline;699806407462412289;3
bugonline;699731954284023810;6
bugonline;699728372620992518;6
bugonline;699690249702805505;6
bugonline;699678132664717312;3
bugonline;699669943919501314;6
bugonline;699664058568568833;6
bugonline;699663035284246528;7
bugonline;699658686130737153;3
bugonline;699655359921852416;6
bugonline;699636425319436288;7
bugonline;699629260038893568;6
bugonline;699624910939885569;6
bugonline;699620817097854979;3
bugonline;699605976446607360;6
bugonline;699600863904538624;6
bugonline;699592670705033216;3
bugonline;699578854877356032;6
bugonline;699571690670596100;6
bugonline;699563508870967296;6
bugonline;699547639885471745;3
bugonline;699544825666916353;7
bugonline;699532800937033729;3
bugonline;699531010082533376;3
bugonline;699528705140461568;6
bugonline;699528451397648384;3
bugonline;699516871507369984;3
bugonline;699505460689428481;3
bugonline;699486054999597056;6
bugonline;699485771854671872;6
bugonline;699485201513242625;6
bugonline;699472367186284544;3
bugonline;699464952118185984;7
bugonline;699457536345427968;3
bugonline;699447839798272000;3
bugonline;699362637814095872;7
bugonline;699347462948052992;6
bugonline;699333131619475457;6
bugonline;699308402116317184;7
bugonline;699296599315505152;6
bugonline;699294632354713600;3
bugonline;699279738003722240;6
bugonline;699260067355480064;6
bugonline;699251074469855234;6
bugonline;699237868854706176;6
bugonline;699224939510042624;7
bugonline;699217913941794818;7
bugonline;699202739046326272;6
bugonline;699196273593819136;3
bugonline;699174073901916160;6
bugonline;699169296476405760;3
bugonline;699157210639810560;6
bugonline;699155241380532228;3
bugonline;699154960186003457;3
bugonline;699154681361207296;3
bugonline;699122079342424064;7
bugonline;699121800140161024;3
bugonline;699101939909443584;6
bugonline;699100782172508160;3
bugonline;698997176257683457;3
bugonline;698982705480990726;3
bugonline;698961577840664576;6
bugonline;698955790191874048;3
bugonline;698945965076705280;3
bugonline;698945698457382912;6
bugonline;698929592137027584;3
bugonline;698919391916900354;6
bugonline;698870277283934208;3
bugonline;698838320399433728;3
bugonline;698814698184171520;3
bugonline;698795371502419968;6
bugonline;698779802124361728;3
bugonline;698778728470552577;6
bugonline;698761280736382976;6
bugonline;698746785104179201;6
bugonline;698723431873933312;3
bugonline;698643707638247424;7
bugonline;698614985702973442;7
bugonline;698598341496741892;3
bugonline;698595120610934784;3
bugonline;698572034629070849;7
bugonline;698563176942727168;6
bugonline;698560223905185793;6
bugonline;698550828022546432;3
bugonline;698537943602962432;6
bugonline;698534453556203521;3
bugonline;698501935918358530;6
bugonline;698484594312613888;3
bugonline;698477724311101440;3
bugonline;698458748373856256;3
bugonline;698453841201786880;6
bugonline;698432249390305280;7
bugonline;698431267780587520;6
bugonline;698424070363336704;6
bugonline;698418836253634560;3
bugonline;698398225875800064;7
bugonline;698392664031555585;6
bugonline;698385140159012864;3
bugonline;698269654976958464;6
bugonline;698258529979916288;3
bugonline;698242170826919936;3
bugonline;698232029385777158;6
bugonline;698214035095953408;6
bugonline;698208473104965633;7
bugonline;698179026750435328;7
bugonline;698176408108068864;6
bugonline;698172154966339584;6
bugonline;698166919803883521;6
bugonline;698166264917843968;3
bugonline;698155796685852672;3
bugonline;698147290477936641;6
bugonline;698133548834951168;3
bugonline;698118172830998528;6
bugonline;698114251580436480;6
bugonline;698113593028562944;7
bugonline;698101488212697088;6
bugonline;698099525483958272;3
bugonline;698093309294743552;3
bugonline;698086439528095744;6
bugonline;698069836098859008;6
bugonline;698062179086553088;6
bugonline;698061875263729664;3
bugonline;698038605709754368;7
bugonline;698037074637778945;6
bugonline;698028498389233664;6
bugonline;698024052049317890;6
bugonline;697934353708486658;3
bugonline;697883429568958464;6
bugonline;697869462494650368;6
bugonline;697858598500753409;6
bugonline;697848045979967488;3
bugonline;697833147669614592;6
bugonline;697827560965677057;3
bugonline;697808317582876672;7
bugonline;697803973387022337;7
bugonline;697800557759741952;3
bugonline;697784105803579392;6
bugonline;697771379211554816;6
bugonline;697751205028749312;3
bugonline;697740341504565248;3
bugonline;697735375587012609;6
bugonline;697721099803607040;6
bugonline;697705269623681024;6
bugonline;697690058564964352;3
bugonline;697686023707435008;7
bugonline;697673919218782209;6
bugonline;697673298189160448;3
bugonline;697672369469595650;3
bugonline;697652193172787200;3
bugonline;697650641456533504;6
bugonline;697527404647022593;3
bugonline;697519007797264385;6
bugonline;697495432008744960;7
bugonline;697492848359424000;6
bugonline;697475408976093184;3
bugonline;697453124903182336;3
bugonline;697438591304212480;3
bugonline;697428579643170816;6
bugonline;697422443514884096;6
bugonline;697409202365558784;3
bugonline;697390471539200001;7
bugonline;697383686455586816;6
bugonline;697383363804528640;3
bugonline;697383043527532544;3
bugonline;697367541073780737;7
bugonline;697361082403442688;6
bugonline;697350422307217408;6
bugonline;697350099245133824;6
bugonline;697349776162037760;6
bugonline;697349453154512896;6
bugonline;697349136769744896;6
bugonline;697329432336453632;3
bugonline;697314899081490432;7
bugonline;697312961480806400;3
bugonline;697309085893529600;6
bugonline;697301981082222592;3
bugonline;697288416866803713;6
bugonline;697282603683020800;6
bugonline;697274853225865216;6
bugonline;697200524635070464;3
bugonline;697193290307932161;6
bugonline;697179976723001344;6
bugonline;697168687678234624;3
bugonline;697160295177969665;3
bugonline;697137432005844992;6
bugonline;697124115220733952;3
bugonline;697107907716976640;6
bugonline;697105012376412160;3
bugonline;697091118081687552;3
bugonline;697080699774443520;3
bugonline;697076647963525123;6
bugonline;697072307005759488;6
bugonline;697054361965436928;6
bugonline;697046836889124865;7
bugonline;697046257672523776;6
bugonline;697042205479989248;6
bugonline;697017604205121536;6
bugonline;697013841381744640;3
bugonline;696999659236102144;3
bugonline;696985768078794753;6
bugonline;696984321123606528;3
bugonline;696952775725477889;3
bugonline;696939752575102976;6
bugonline;696928466017652740;6
bugonline;696923256851402752;6
bugonline;696843960745066497;2
bugonline;696838172567805957;7
bugonline;696829201136095232;7
bugonline;696828330734186497;3
bugonline;696828043600523269;3
bugonline;696827175375339521;6
bugonline;696821676500262912;7
bugonline;696801418515259392;6
bugonline;696786080167825409;6
bugonline;696756287602888708;6
bugonline;696751945860694020;6
bugonline;696741815916036096;6
bugonline;696720110531276800;6
bugonline;696690299997966337;6
bugonline;696682196707442692;3
bugonline;696676118372474880;6
bugonline;696663963443052544;3
bugonline;696649203779506176;3
bugonline;696644573242789888;6
bugonline;696636469994266624;3
bugonline;696621131894255616;3
bugonline;696620553134829568;6
bugonline;696616501273563136;6
bugonline;696591900288143360;3
bugonline;696579169107451904;3
bugonline;696572509634871297;3
bugonline;696563538064760832;6
bugonline;696510867068813312;7
bugonline;696473534219083776;3
bugonline;696434751742308352;3
bugonline;696411884526944256;7
bugonline;696402908330520576;3
bugonline;696368755425865728;3
bugonline;696346181379760129;3
bugonline;696327655679983617;3
bugonline;696313703130624000;3
bugonline;696303611639418880;7
bugonline;696303341358424064;6
bugonline;696298979068407808;6
bugonline;696298433385209856;6
bugonline;696291345393184768;6
bugonline;696261077051568128;3
bugonline;696202189992284161;6
bugonline;696201645013790720;6
bugonline;696113579536343040;3
bugonline;696107036799586304;7
bugonline;696080864061558785;6
bugonline;696051693537095680;3
bugonline;696038879888044033;6
bugonline;696034245219844098;6
bugonline;696023614391451649;3
bugonline;696015436266217472;3
bugonline;695995805287759872;6
bugonline;695975358278037505;6
bugonline;695973177411952640;3
bugonline;695944550364348417;6
bugonline;695926556405993473;6
bugonline;695905288927502336;7
bugonline;695903377356693504;3
bugonline;695902829874171905;6
bugonline;695902560079777792;3
bugonline;695876603419750400;6
bugonline;695867166588014592;3
bugonline;695850255523389440;6
bugonline;695845423123136512;3
bugonline;695729159318933506;6
bugonline;695717985827344384;6
bugonline;695708946187816960;6
bugonline;695701695318384640;3
bugonline;695700470510317568;6
bugonline;695685372722995200;6
bugonline;695653667484127232;6
bugonline;695637357328871425;3
bugonline;695623463441207296;6
bugonline;695618631653322752;3
bugonline;695603833897164800;6
bugonline;695598401417777152;3
bugonline;695579977077628928;3
bugonline;695576051414626304;3
bugonline;695573635604574208;7
bugonline;695560649661902848;3
bugonline;695552192841969664;6
bugonline;695540414640734208;3
bugonline;695536186182520832;7
bugonline;695520779249807360;3
bugonline;695518362961629184;7
bugonline;695510209402421248;6
bugonline;695502960172916736;6
bugonline;695492694592897025;3
bugonline;695476989642346497;3
bugonline;695385444431720449;3
bugonline;695374622515023872;6
bugonline;695363298691125248;6
bugonline;695346938254766080;3
bugonline;695345428154314754;6
bugonline;695314722594385922;6
bugonline;695290561692090368;6
bugonline;695280730931359744;6
bugonline;695280481223471105;6
bugonline;695261349295845377;7
bugonline;695257826197913600;6
bugonline;695250526632566784;7
bugonline;695249016720867328;3
bugonline;695234442202341376;6
bugonline;695225359504130052;3
bugonline;695225108953239553;3
bugonline;695221837949698049;3
bugonline;695190373040283648;6
bugonline;695188611210330112;3
bugonline;695173511552356353;3
bugonline;695171748350791680;6
bugonline;695171498550652928;3
bugonline;695165710343999488;3
bugonline;695120159053385728;3
bugonline;695113364251475968;3
bugonline;695108583017615360;3
bugonline;695015958692388865;6
bugonline;695006028379856896;3
bugonline;694999686529294336;3
bugonline;694982506026790912;6
bugonline;694975371691847680;3
bugonline;694974579207487488;6
bugonline;694966916293726208;3
bugonline;694961365249875969;7
bugonline;694961103047168000;6
bugonline;694955818391859204;3
bugonline;694955025882292224;6
bugonline;694949212371443712;3
bugonline;694938378190655489;3
bugonline;694928601137946625;6
bugonline;694920936798162944;6
bugonline;694905080261246976;3
bugonline;694899265961877505;6
bugonline;694892394479751168;6
bugonline;694888430908661760;3
bugonline;694877596891357184;6
bugonline;694874954425319424;3
bugonline;694867555807301632;7
bugonline;694862534998953984;6
bugonline;694861742267047936;3
bugonline;694847209209204736;6
bugonline;694835052488847360;6
bugonline;694824214734442497;6
bugonline;694821043777769473;3
bugonline;694811017440841728;6
bugonline;694781135243575296;6
bugonline;694771887294038017;3
bugonline;694763202224263168;6
bugonline;694759444194955264;6
bugonline;694754075066368000;3
bugonline;694746559225991169;3
bugonline;694734479672414208;6
bugonline;694669251093884928;3
bugonline;694652874559766528;6
bugonline;694652608330534912;3
bugonline;694630596644114432;3
bugonline;694619053680410625;6
bugonline;694615293830795264;6
bugonline;694612071401590784;6
bugonline;694598918714294273;6
bugonline;694597039456436224;7
bugonline;694575832375914496;7
bugonline;694553291456417792;6
bugonline;694549516486316033;3
bugonline;694541463431049218;7
bugonline;694537939859173376;6
bugonline;694521581071106049;7
bugonline;694509501156835328;3
bugonline;694505726224535552;6
bugonline;694500441908994048;6
bugonline;694482322582851586;3
bugonline;694476534522994689;6
bugonline;694469991488438272;3
bugonline;694467726719475712;3
bugonline;694450362493865984;6
bugonline;694446587871895553;3
bugonline;694435764428509184;6
bugonline;694435515186200576;6
bugonline;694418402170048512;6
bugonline;694409846028963840;6
bugonline;694403444854112256;6
bugonline;694398613263351808;3
bugonline;694387742571118592;3
bugonline;694375964378284034;6
bugonline;694282949110403074;6
bugonline;694282043275022336;7
bugonline;694265126959054848;7
bugonline;694264828307841027;6
bugonline;694256674262089729;3
bugonline;694254861362294784;6
bugonline;694243082989076480;3
bugonline;694234626840223745;6
bugonline;694221339419353094;3
bugonline;694214692856827904;6
bugonline;694214393110892544;3
bugonline;694212279949266944;6
bugonline;694189629466083329;6
bugonline;694179663401320448;6
bugonline;694163053970112512;3
bugonline;694158524448907264;3
bugonline;694116861324193792;6
bugonline;694110821866213376;3
bugonline;694088168723890180;6
bugonline;694071255419469824;6
bugonline;694070953417035776;3
bugonline;694070651515179008;6
bugonline;694070349521117184;6
bugonline;694070049871675392;6
bugonline;694042267007455232;3
bugonline;694033207310848000;6
bugonline;694030187697160193;3
bugonline;694028980526145536;3
bugonline;693909997403643905;7
bugonline;693899427136868352;6
bugonline;693879798179958784;3
bugonline;693868021081886720;6
bugonline;693860471326269440;6
bugonline;693797957045506048;6
bugonline;693770174860771328;6
bugonline;693750847226920960;6
bugonline;693708265109221376;3
bugonline;693689806963019776;7
bugonline;693688255347294208;6
bugonline;693687944683585536;6
bugonline;693672734300229633;3
bugonline;693646972448854016;6
bugonline;693570617866620929;7
bugonline;693570309790760960;7
bugonline;693567206257459200;7
bugonline;693562861369565184;6
bugonline;693532443819819008;6
bugonline;693522511938588673;6
bugonline;693511957589131266;6
bugonline;693509782699950080;3
bugonline;693509474443726848;6
bugonline;693493646675558401;6
bugonline;693492713782689794;3
bugonline;693466636729348096;3
bugonline;693464772931645442;6
bugonline;693450804498399232;3
bugonline;693438389899640833;6
bugonline;693409208323149824;6
bugonline;693403000866496512;6
bugonline;693395240988835840;3
bugonline;693393999596503040;3
bugonline;693391516576923648;3
bugonline;693348373835943936;6
bugonline;693345270097166336;6
bugonline;693338129529438209;6
bugonline;693337821332049920;6
bugonline;693334717412851713;3
bugonline;693320752926453760;3
bugonline;693301040339390464;3
bugonline;693208136828768257;7
bugonline;693174874760712192;6
bugonline;693162606517981185;3
bugonline;693155245417963521;6
bugonline;693154427969085440;6
bugonline;693141340109037568;6
bugonline;693136159795445760;7
bugonline;693134796646694912;6
bugonline;693106714661511172;6
bugonline;693058181950525440;3
bugonline;693052457950265348;7
bugonline;693045096334376960;6
bugonline;693035008869699584;3
bugonline;693025467176239104;3
bugonline;693017284760178689;6
bugonline;693016194182422528;3
bugonline;693003924987584512;6
bugonline;693000379143954433;6
bugonline;692994108844019716;6
bugonline;692971820899778560;6
bugonline;692971275371876352;6
bugonline;692957098523648001;6
bugonline;692936106342486017;3
bugonline;692825416697004033;3
bugonline;692804195938877440;6
bugonline;692764935747665920;3
bugonline;692757411225010176;6
bugonline;692753594811072512;6
bugonline;692751698285195264;7
bugonline;692750572294922240;7
bugonline;692750217041543169;7
bugonline;692745948745863169;7
bugonline;692740218991042560;7
bugonline;692739418206134272;6
bugonline;692737455221542912;7
bugonline;692736680990785539;7
bugonline;692733529193594880;7
bugonline;692731302513111040;3
bugonline;692729806874677248;7
bugonline;692728376315023360;7
bugonline;692728238112686080;7
bugonline;692727903394611201;7
bugonline;692727694593757184;7
bugonline;692725629544972288;7
bugonline;692723830125674496;7
bugonline;692723387781758976;7
bugonline;692721163320070144;7
bugonline;692719034014535680;7
bugonline;692718159468613632;7
bugonline;692717922104532993;7
bugonline;692717301179793411;7
bugonline;692714554707595264;7
bugonline;692713959720390656;7
bugonline;692712264386899968;3
bugonline;692710627769475074;6
bugonline;692709913030688768;7
bugonline;692709766662131712;7
bugonline;692705722254127104;7
bugonline;692701978376454144;7
bugonline;692694597542232067;7
bugonline;692691243319582720;7
bugonline;692689594928726016;3
bugonline;692688677034692610;7
bugonline;692687727117099008;7
bugonline;692687072856031232;7
bugonline;692687010910310402;7
bugonline;692686862113247232;7
bugonline;692683402034683904;7
bugonline;692683313572638722;7
bugonline;692681835587874818;7
bugonline;692681508151279616;7
bugonline;692680529913745408;7
bugonline;692677939243151360;7
bugonline;692676166927409152;7
bugonline;692674551214444548;6
bugonline;692670061098745856;6
bugonline;692669941905014784;7
bugonline;692668398837370880;7
bugonline;692667352425590785;7
bugonline;692662458184568833;7
bugonline;692661882562441217;7
bugonline;692661675418357760;3
bugonline;692660251993202688;3
bugonline;692659209930936320;7
bugonline;692658853637398528;7
bugonline;692656523122757632;7
bugonline;692654357783908352;7
bugonline;692647786534289408;7
bugonline;692644308416094209;7
bugonline;692642781387423744;7
bugonline;692639309107695617;7
bugonline;692638252717711360;7
bugonline;692634074704384001;6
bugonline;692633238288859136;7
bugonline;692633184287195137;7
bugonline;692630896583774208;7
bugonline;692625895908077568;3
bugonline;692622624522895360;3
bugonline;692618044741402624;6
bugonline;692608316179095552;7
bugonline;692603081964523520;6
bugonline;692597847703863296;6
bugonline;692589014369583104;3
bugonline;692587378960019456;6
bugonline;692567422667247616;3
bugonline;692474840675176449;6
bugonline;692468301008625667;6
bugonline;692450957519634435;6
bugonline;692450301668884480;6
bugonline;692438850858307587;6
bugonline;692428383381233665;3
bugonline;692422495643799553;3
bugonline;692394027786883072;3
bugonline;692393704380895233;6
bugonline;692386505042558976;3
bugonline;692365677332684801;6
bugonline;692364420081672192;6
bugonline;692342018157207554;6
bugonline;692337992363438087;6
bugonline;692333211364515841;7
bugonline;692332205260017665;7
bugonline;692306416657383426;3
