posaohr;731072962300923904;2
posaohr;730735403318267904;2
posaohr;730011700624302080;2
posaohr;729961324260802560;2
posaohr;729576968883146752;2
posaohr;728131404639313920;2
posaohr;727814590344663040;2
posaohr;727772274888196096;2
posaohr;727433732538404864;2
posaohr;727044335603204096;2
posaohr;726025340208992262;2
posaohr;725966526684270592;2
posaohr;725632743745437696;2
posaohr;725243341953220608;2
posaohr;724892231711207424;2
posaohr;724517649808547840;2
posaohr;723073644373536768;2
posaohr;722692761061847040;2
posaohr;722364249448849409;2
posaohr;722339275900088320;2
posaohr;721983252093923328;2
posaohr;720592667315433472;7
posaohr;720518438855294981;2
posaohr;720167032910704640;2
posaohr;719818740620214272;2
posaohr;719455292342341632;2
posaohr;718363628076941312;2
posaohr;718066594119819264;2
posaohr;717649815685971968;2
posaohr;717275979467587584;2
posaohr;716948870190731264;2
posaohr;715843855950721024;7
posaohr;715481401135484929;7
posaohr;715450892812750849;2
posaohr;715106675598958593;2
posaohr;714715858887655424;2
posaohr;712594958797119488;6
posaohr;712270993448935424;7
posaohr;712238471428050944;7
posaohr;712233910525100032;6
posaohr;712226918851076097;6
posaohr;712206238726148096;6
posaohr;712179934400221184;2
posaohr;711838843440373760;2
posaohr;710827504227979266;2
posaohr;710746988380299264;2
posaohr;710413477299544064;2
posaohr;710099003703164928;2
posaohr;710022923340353537;2
posaohr;709655406642073600;2
posaohr;709296920133562368;2
posaohr;708253893633974272;2
posaohr;707854595087855617;2
posaohr;707493056992382976;2
posaohr;707182225616404481;2
posaohr;706745055789326337;2
posaohr;705672478258040832;2
posaohr;705320681790152704;2
posaohr;704948244120526848;2
posaohr;704588352893358082;2
posaohr;704241217362595840;2
posaohr;703166449330696192;2
posaohr;702780698961317888;2
posaohr;702429907461218306;2
posaohr;702055395641131008;2
posaohr;701751020007899136;2
posaohr;701697880554348545;2
posaohr;700650300609171457;2
posaohr;700246009029521408;2
posaohr;699976385851305984;2
posaohr;699872894793424896;2
posaohr;699594974141227008;2
posaohr;699202538869035008;2
posaohr;699161698415026176;2
posaohr;698104444689502208;2
posaohr;698067136183402497;2
posaohr;697804019318853632;6
posaohr;697719854791553024;2
posaohr;697364567081512960;2
posaohr;697355353999200256;2
posaohr;697045972141084672;2
posaohr;696978717017554944;2
posaohr;696651874154516480;2
posaohr;696646167657123840;2
posaohr;695569026060283904;2
posaohr;695209339066441729;2
posaohr;694889937443762177;2
posaohr;694801736796639232;2
posaohr;694482721817640960;2
posaohr;694193542219038722;2
posaohr;694156320522518529;2
posaohr;694093134846894080;2
posaohr;693000326539038720;2
posaohr;692693425049714689;2
posaohr;692347351604826112;6
posaohr;692292589563854848;2
posaohr;692281418567815168;2
posaohr;691966716704874496;2
posaohr;691901680313634816;2
posaohr;691650252647063552;7
posaohr;691634892057239552;2
posaohr;691546483296997376;2
posaohr;690484722217160704;2
posaohr;690462392480878592;2
posaohr;690163404028432384;2
posaohr;690111927515770880;2
posaohr;690098827349590017;2
posaohr;689751384158265344;2
posaohr;689451455380520962;2
posaohr;689420082728964096;2
posaohr;689410376291614721;2
posaohr;689066688059469824;2
posaohr;689027869025120256;2
posaohr;687998379067047936;2
posaohr;687974012484468736;2
posaohr;687596061108629504;2
posaohr;687189452347838464;2
posaohr;686895792595054592;2
posaohr;686845521756033025;2
posaohr;686518511523487744;2
posaohr;686472026073219073;2
posaohr;685418647880380416;2
posaohr;685394885701169152;2
posaohr;685119698711752705;2
posaohr;685070319871258624;2
posaohr;684318674845614080;2
posaohr;684302033164316673;2
posaohr;683957707653668864;2
posaohr;682533267430633472;7
posaohr;682473505582112768;2
posaohr;682160558473359360;2
posaohr;682121635730714624;2
posaohr;681770397914775553;2
posaohr;681386685972758528;2
posaohr;679298080479584260;2
posaohr;679264411694034944;2
posaohr;678869527921299456;2
posaohr;677801760686268416;2
posaohr;677473619652583424;7
posaohr;677432016309231616;2
posaohr;676765869930848260;2
posaohr;676681396568662016;2
posaohr;676352243533246464;2
posaohr;675300079645949952;7
posaohr;675275944051904512;6
posaohr;674960285992660992;2
posaohr;674937575380004864;2
posaohr;674928036739989504;7
posaohr;674583873838309376;2
posaohr;674537341176950784;6
posaohr;674524460947529728;2
posaohr;674201289656508416;2
posaohr;674186823363657728;2
posaohr;674148049803993088;2
posaohr;673894471558414337;2
posaohr;672777685366652929;2
posaohr;672762498119004161;2
posaohr;672726589663236096;2
posaohr;672430505560797184;2
posaohr;672333699371937792;2
posaohr;672330343794520064;2
posaohr;672052507317772289;2
posaohr;672027701679489024;6
posaohr;671980322389651456;6
posaohr;671681148750270464;2
posaohr;671650778445160448;2
posaohr;671609696596402180;7
posaohr;671367836808384516;2
posaohr;671274511845707777;2
posaohr;671253838960197632;7
posaohr;671246632449626112;2
posaohr;670219389296386050;2
posaohr;670219070621487104;2
posaohr;670218698146365440;6
posaohr;669897408021700608;2
posaohr;669897041208823809;2
posaohr;669535336851197952;2
posaohr;669534902321332227;2
posaohr;669180142321844224;7
posaohr;669135663179153409;2
posaohr;669134418452357120;2
posaohr;668828297590099973;2
posaohr;668728316883566592;2
posaohr;668727470586245120;2
posaohr;667654832254267392;2
posaohr;667653446473003008;2
posaohr;667638345883852802;2
posaohr;667339951953039360;7
posaohr;666990717961641986;2
posaohr;666897689842483200;2
posaohr;666885017243672576;2
posaohr;666628462120169473;2
posaohr;666628210419998720;2
posaohr;666611236935725056;6
posaohr;666586572318449665;2
posaohr;666566991407423488;2
posaohr;666216249626640384;2
posaohr;666216178973597696;2
posaohr;666215568123523072;2
posaohr;666208164560375809;2
posaohr;666200973036167168;2
posaohr;665177684423610368;2
posaohr;665103839738118144;6
posaohr;664753691019321344;7
posaohr;664398731219980289;2
posaohr;664389047272513536;2
posaohr;664051670960185344;2
posaohr;664008060885704704;2
posaohr;663732872377991170;2
posaohr;663713125758337024;2
posaohr;663680878032396288;7
posaohr;663657403020402688;2
posaohr;663641512685776896;2
posaohr;662573997880643584;2
posaohr;662282466951057408;2
posaohr;662183139339599872;2
posaohr;662182640599060480;2
posaohr;661912009840197632;6
posaohr;661860301709660160;2
posaohr;661543939627962372;6
posaohr;661198576563957761;2
posaohr;661172796748361728;2
posaohr;661149284302196736;2
posaohr;661118228375150592;2
posaohr;659659600975798272;2
posaohr;659390151618072576;6
posaohr;659289872654598144;2
posaohr;659033049447952384;2
posaohr;658952721337294848;6
posaohr;658924007694192640;2
posaohr;658644565201670144;2
posaohr;658551819384262656;2
posaohr;657202505563164672;7
posaohr;657104972291690497;6
posaohr;656821903785635840;6
posaohr;656760748790665216;6
posaohr;656379110885883904;7
posaohr;656096658913128448;2
posaohr;656044984479694848;2
posaohr;654973849977683969;2
posaohr;654911484384952320;2
posaohr;654606730547077120;6
posaohr;654568167617003521;2
posaohr;654303257649631232;2
posaohr;654295401068146690;7
posaohr;654251334661767168;7
posaohr;654196289576534016;2
posaohr;653924746636193792;7
posaohr;653828813558820864;2
posaohr;653515363100065792;2
posaohr;652434322344046592;7
posaohr;651653589195210753;2
posaohr;651399233451503616;7
posaohr;651317589256310785;2
posaohr;651294634715541504;2
posaohr;650985317047078912;2
posaohr;650931186576039936;2
posaohr;649865254780960769;6
posaohr;649846396540076032;7
posaohr;649830229054222336;2
posaohr;649569981420711936;2
posaohr;649555583511732225;6
posaohr;649551613292605440;2
posaohr;649540540728504320;2
posaohr;649517183182237696;6
posaohr;649218385256050688;6
posaohr;649112979347218432;6
posaohr;648831251932127232;7
posaohr;648782663457878016;2
posaohr;648490632537882624;2
posaohr;648393924151746560;2
posaohr;647406331205414912;7
posaohr;647329308999045120;2
posaohr;647047731870101504;2
posaohr;647025277516795904;2
posaohr;647024291012325378;7
posaohr;646960812947587072;2
posaohr;646680398114779136;6
posaohr;646600011569102848;2
posaohr;646591150590173184;2
posaohr;646283213464334336;2
posaohr;646272396413026304;2
posaohr;646242490325053440;6
posaohr;646222199699951616;2
posaohr;645965843768152064;2
posaohr;645931457949659138;2
posaohr;645858763849789440;2
posaohr;644871884585193472;7
posaohr;644813141919055872;2
posaohr;644445940955394048;7
posaohr;644444646895169536;6
posaohr;644444164155932672;6
posaohr;644443728736841729;6
posaohr;644443331141980160;2
posaohr;644441513724911616;2
posaohr;644441266265133056;2
posaohr;644438985067098113;2
posaohr;644438583605116928;2
posaohr;644438120814014464;2
posaohr;644437811463069696;2
posaohr;644437444256002048;2
posaohr;644436760597016576;2
posaohr;644436250687049728;2
posaohr;644435782799855616;2
posaohr;644435397012008960;2
posaohr;644435035182006272;2
posaohr;644434324822073344;2
posaohr;644433942096035840;2
posaohr;644433669185257473;2
posaohr;644433332302946304;2
posaohr;644432996012007424;2
posaohr;644432719737438208;2
posaohr;644432118379061248;2
posaohr;644430492511641600;7
posaohr;644429993716641792;2
posaohr;644429548134776832;7
posaohr;644429079400316928;2
posaohr;644428695516676096;2
posaohr;644427583308828672;2
posaohr;644427119502692352;2
posaohr;644426672419246080;2
posaohr;644426224337571840;7
posaohr;644401841015529472;7
posaohr;644087070579929088;7
posaohr;644070869514493952;2
posaohr;644053604312174592;2
posaohr;643730995712278529;2
posaohr;643712859373993984;2
posaohr;643360526727254016;2
posaohr;643338735765983233;7
posaohr;643319013951586304;2
posaohr;642294595661991936;2
posaohr;642276924170047488;2
posaohr;642248302231224320;2
posaohr;641990669138063364;2
posaohr;641896629835034624;2
posaohr;641861776624209921;7
posaohr;641580068171587584;2
posaohr;641529919978274816;2
posaohr;641506392105463808;2
posaohr;641214175918866432;7
posaohr;641182527584096256;2
posaohr;641144779917672448;2
posaohr;640859001480171520;2
posaohr;640840288538361856;7
posaohr;639740792265932800;6
posaohr;639706569022799872;2
posaohr;639393757415231488;2
posaohr;639335475799552000;7
posaohr;639005705299718144;2
posaohr;638985776219426816;6
posaohr;638702009856733184;7
posaohr;638613405780324352;2
posaohr;638334288795160576;2
posaohr;638279768559996928;2
posaohr;638254467809476608;2
posaohr;637245067065958401;7
posaohr;637197543592562688;2
posaohr;637168692883791872;2
posaohr;636872449045479424;2
posaohr;636850070311292928;2
posaohr;636836721573933056;6
posaohr;636815962889715712;7
posaohr;636807367561232384;2
posaohr;636537375846465536;2
posaohr;636518641102684160;2
posaohr;636497346612883456;7
posaohr;636476241378430976;6
posaohr;636446657861828608;2
posaohr;636156419935444992;2
posaohr;636134602357231616;2
posaohr;636099701218127872;2
posaohr;636071060035760128;2
posaohr;635767408620343296;2
posaohr;635729252294508544;2
posaohr;635715730131025920;2
posaohr;634723766027845636;2
posaohr;634712316781699073;2
posaohr;634691193176256512;2
posaohr;634659540810747904;6
posaohr;634655038078623744;6
posaohr;634651776768151552;2
posaohr;634634999736758272;2
posaohr;634331548863602689;6
posaohr;634320139392053248;2
posaohr;634293045668749312;2
posaohr;634261436160733184;2
posaohr;633997657405583361;2
posaohr;633951639955722240;6
posaohr;633924074914377728;7
posaohr;633904122786410496;2
posaohr;633636639135375360;2
posaohr;633584636208259073;6
posaohr;633546992594063362;2
posaohr;633294909445926913;2
posaohr;633271257866334208;2
posaohr;633191964985421824;2
posaohr;632186621543251968;7
posaohr;632139679731683328;2
posaohr;632096645396701184;2
posaohr;631849208564326400;2
posaohr;631393857960288256;2
posaohr;631367004197363713;2
posaohr;631088192549179392;6
posaohr;631041125936181248;2
posaohr;631011108615229440;7
posaohr;630757283711066116;2
posaohr;630711264679960576;2
posaohr;630684201411571713;6
posaohr;630652236662730752;2
posaohr;629547158912565249;2
posaohr;629216325953552384;2
posaohr;628532372959588352;6
posaohr;628489235226566656;2
posaohr;628467833039622144;3
posaohr;628202626186915840;6
posaohr;628181069154643969;2
posaohr;627121991619870720;7
posaohr;627050397430083584;2
posaohr;627010479827865600;7
posaohr;626744933127442432;2
posaohr;626698564366761984;7
posaohr;626681661015617536;2
posaohr;626385484089008133;6
posaohr;626349444850679808;2
posaohr;624193907417579520;2
posaohr;623435818351362048;6
posaohr;621665012352987136;2
posaohr;620868619032002560;2
posaohr;619085995913441280;3
posaohr;619079487712571392;7
posaohr;619061531184091137;7
posaohr;619060511401996288;6
posaohr;618420338641215488;6
posaohr;618416197424562176;6
posaohr;618409961559699456;2
posaohr;618406017282514944;2
posaohr;618387372191940609;2
posaohr;618343874268930048;2
posaohr;618053677702586368;2
posaohr;616930723409330176;2
posaohr;615873518870335488;2
posaohr;613695820936953856;6
posaohr;613623579490549760;6
posaohr;613609821640769536;2
posaohr;611846663259316224;6
posaohr;611828545824755712;2
posaohr;611812932637192193;6
posaohr;611797585884393473;2
posaohr;611789275663720448;2
posaohr;611785505223487488;2
posaohr;611780901668831232;2
posaohr;611549960014696453;2
posaohr;611519591328653312;2
posaohr;611113566989611008;6
posaohr;611090917236183041;2
posaohr;611088872215322624;7
posaohr;611086089793744896;6
posaohr;611078323075219456;6
posaohr;611070668508123136;2
posaohr;611069658406502400;2
posaohr;610771175040491520;2
posaohr;610738453286924288;2
posaohr;610737362251821056;7
posaohr;610732597237432320;7
posaohr;610469384214183936;2
posaohr;610403158599331840;2
posaohr;610362697704734720;2
posaohr;610345423593701376;2
posaohr;609353755805515777;6
posaohr;609347928096903168;2
posaohr;609329846083317762;2
posaohr;609326614137176065;2
posaohr;609324972805345280;2
posaohr;609301208407347200;2
posaohr;609284366678781952;6
posaohr;608967870802997248;6
posaohr;608967222791426048;2
posaohr;608209131200061441;2
posaohr;608202138582253569;2
posaohr;608187637992706048;2
posaohr;608186761991360512;2
posaohr;607931618108411904;2
posaohr;607916434308489216;7
posaohr;607836198304772096;2
posaohr;607815452098584577;6
posaohr;606803423367938050;2
posaohr;606803143272341504;2
posaohr;606802986183094272;4
posaohr;606802898291408897;4
posaohr;606802781811392513;2
posaohr;606802644942888961;6
posaohr;606044163478454272;2
posaohr;605681348783796225;3
posaohr;605681292043272192;6
posaohr;605639414501535745;2
posaohr;605634893675155456;2
posaohr;605634282955132928;6
posaohr;605343953236439040;4
posaohr;605287848875552769;7
posaohr;605283166840975360;2
posaohr;604956490886029312;6
posaohr;603941152874754048;2
posaohr;603894508443607040;2
posaohr;603559797988859907;2
posaohr;603535008255606784;3
posaohr;603527334033903616;7
posaohr;603525406889771008;2
posaohr;603515036582154240;6
posaohr;603495994798559232;6
posaohr;603495139135332353;7
posaohr;603483290444570625;2
posaohr;603477112440360962;2
posaohr;603471401203433472;2
posaohr;603120895448649729;6
posaohr;602863199629619200;2
posaohr;602846099024388097;2
posaohr;602817411872489472;2
posaohr;602802332359876608;2
posaohr;602799792448647168;2
posaohr;602784443514785792;2
posaohr;602776128600854528;2
posaohr;602770103432708096;2
posaohr;602760289071734785;3
posaohr;602754998649270272;2
posaohr;602736123735986176;4
posaohr;602549678048026624;7
posaohr;602495799314944000;2
posaohr;602469602887471104;2
posaohr;602156415554351104;7
posaohr;602117929312870400;2
posaohr;602101439062798336;2
posaohr;602101089329160192;2
posaohr;602100840074244096;7
posaohr;602100466047127552;7
posaohr;602100280604422144;7
posaohr;602020001625874434;7
posaohr;601828622824054786;7
posaohr;601828480964304897;7
posaohr;601828358498955264;7
posaohr;601828133361360896;7
posaohr;601827974166487040;7
posaohr;601827657458851842;7
posaohr;601669102000676864;7
posaohr;601653497252057088;6
posaohr;601429780487999488;6
posaohr;601411506392141824;6
posaohr;601347502961467392;2
posaohr;601308385905106944;2
posaohr;601011375511621632;7
posaohr;600970045007663104;2
posaohr;600968750532263936;6
posaohr;600950129873530881;7
posaohr;600695180363071491;6
posaohr;600679919023165440;6
posaohr;600581240069160960;6
posaohr;600558006493904896;2
posaohr;600364503578976256;2
posaohr;600348937564852225;2
posaohr;600323977584607232;2
posaohr;600267609733402624;7
posaohr;600244463563247616;6
posaohr;600234078420541440;7
posaohr;599836254709030912;7
posaohr;599624370470785025;3
posaohr;599578821331791873;2
posaohr;599563425774178304;7
posaohr;599171375119532032;7
posaohr;599150247659503616;7
posaohr;599127097127227392;2
posaohr;599102580103352321;7
posaohr;598873414762254337;7
posaohr;598840627590209536;7
posaohr;598825596995522560;7
posaohr;598806235358502912;2
posaohr;598793643550318592;6
posaohr;598788602697371649;7
posaohr;598772263819677696;7
posaohr;598766399545286656;2
posaohr;598758539646128128;2
posaohr;598758157150740480;2
posaohr;598408855601582080;2
posaohr;598386497042128896;2
posaohr;598385843657699328;2
posaohr;597767766955941888;7
posaohr;597728484547526657;2
posaohr;597496842771824640;2
posaohr;597075078384222208;7
posaohr;597056204741824512;7
posaohr;597038351401623552;7
posaohr;597023239798280192;7
posaohr;597012145545420801;7
posaohr;596993276235935744;6
posaohr;596983753500663808;6
posaohr;596965274789801984;6
posaohr;596948299271315456;6
posaohr;596947858034716672;6
posaohr;596693453284716545;6
posaohr;596685836126691329;6
posaohr;596678806661914624;2
posaohr;596663112696233985;6
posaohr;596655698664128512;2
posaohr;596648177513734144;6
posaohr;596617135541059585;6
posaohr;596605385546543104;6
posaohr;596599628155465729;7
posaohr;596579363979730944;2
posaohr;596573031335665664;7
posaohr;596344118839738369;7
posaohr;596309381865709568;7
posaohr;596289904235024385;7
posaohr;596273289581834241;7
posaohr;596234831475912704;2
posaohr;596221726154948608;2
posaohr;596221005040877570;2
posaohr;595963827352657921;7
posaohr;595948997942091776;7
posaohr;595519515355656193;7
posaohr;593366474338729984;4
posaohr;593366422291673088;6
posaohr;593338959733858304;2
posaohr;588629454118879232;6
posaohr;588264270003048448;3
posaohr;583899316466626560;2
posaohr;580350474693582848;6
posaohr;580334479706845185;2
posaohr;580332598263705600;7
posaohr;580319616951517184;7
posaohr;580319420024819712;2
posaohr;577799191793111040;2
posaohr;577799168380506112;6
posaohr;577785240183259137;6
posaohr;576336221020033024;6
posaohr;576303807296118784;7
posaohr;575600396686745600;7
posaohr;575568565463552000;3
posaohr;575567976352604160;6
posaohr;575261307840131072;6
posaohr;575205035900039168;2
posaohr;574935908786552832;2
posaohr;574927321905373184;2
posaohr;574872879424258048;4
posaohr;574864455630258176;2
posaohr;572757015761686528;6
posaohr;572756834437730304;6
posaohr;572738569028161537;7
posaohr;571329626938740736;6
posaohr;571316960111296512;7
posaohr;571307524961529856;7
posaohr;571270548304625664;2
posaohr;571236273362481153;7
posaohr;570980820732813312;2
posaohr;570976260081524737;7
posaohr;570952273477705728;7
posaohr;570934680708648961;2
posaohr;570934600362541056;2
posaohr;570932892873965568;7
posaohr;570918430452387841;7
posaohr;570894205192691712;7
posaohr;570876031390887936;2
posaohr;570571064302026752;7
posaohr;570550751073857536;7
posaohr;570511463569334272;7
posaohr;570250768307101696;6
posaohr;570232688235438080;7
posaohr;570214121850998784;7
posaohr;570207742700462080;7
posaohr;570182358487465984;2
posaohr;570154427430129664;6
posaohr;569894273707089921;2
posaohr;569893657408634881;4
posaohr;569875793909837825;7
posaohr;569870890164494336;7
posaohr;569868213795856384;2
posaohr;569861527710404608;7
posaohr;569831665591328768;6
posaohr;569810908605755392;6
posaohr;569794736950775808;2
posaohr;568786599493931009;7
posaohr;568763336889933824;2
posaohr;568744449314070528;3
posaohr;568727889363001344;7
posaohr;568711090063990784;7
posaohr;568707824399880192;7
posaohr;568445649525600256;2
posaohr;568439647237513216;7
posaohr;568417430487347200;7
posaohr;568397863836889088;3
posaohr;568362690885898240;7
posaohr;568355504176685056;7
posaohr;568338285346627584;7
posaohr;568071013046603776;3
posaohr;568058058703806464;6
posaohr;568040110069047297;7
posaohr;568002188011810816;2
posaohr;568001049719668736;6
posaohr;567985962220802049;6
posaohr;567715104570241024;7
posaohr;567691760806428673;3
posaohr;567671261971886081;7
posaohr;567639928235130882;6
posaohr;567635443647528960;4
posaohr;567625498113900544;4
posaohr;567596280114081792;4
posaohr;567351446824562689;7
posaohr;567333353519874048;7
posaohr;567308718745067520;6
posaohr;567297328785408002;7
posaohr;567258885644632064;7
posaohr;567245988738641920;7
posaohr;567232615221305344;7
posaohr;566261663088013312;7
posaohr;566247113223573504;2
posaohr;566189190833246208;7
posaohr;566162365100859393;7
posaohr;566161900342616064;7
posaohr;565902521336881152;7
posaohr;565870713941536768;7
posaohr;565825985762033664;7
posaohr;565784466501931008;7
posaohr;565535644248997890;7
posaohr;565497805566144513;2
posaohr;565481351793876992;7
posaohr;565465946912215042;6
posaohr;565439788657176576;4
posaohr;565421019520069633;2
posaohr;565207770228871168;7
posaohr;565200701408948224;7
posaohr;565178652137365505;2
posaohr;565155878530457600;4
posaohr;565130454228283392;7
posaohr;564797661451390976;2
posaohr;564765070706888704;2
posaohr;564724969146695680;4
posaohr;564700081858043904;4
posaohr;563629807611965440;6
posaohr;562915050063949824;6
posaohr;562650873479057408;2
posaohr;562641793725235202;2
posaohr;562625119559110656;2
posaohr;562612097813868545;6
posaohr;562575864110788608;2
posaohr;562559526034219009;6
posaohr;562544987246960640;7
posaohr;562265705803182080;6
posaohr;562237255730098176;7
posaohr;562227331138617344;6
posaohr;562202432131072000;7
posaohr;562183574628368384;7
posaohr;562167508535619584;2
posaohr;562164574347333632;7
posaohr;561925521534353409;6
posaohr;561118292526772224;7
posaohr;561118234972536832;7
posaohr;561109873396822017;6
posaohr;561098244869341184;2
posaohr;561073200243941376;6
posaohr;561069240896471040;7
posaohr;560822698411319298;6
posaohr;560810680308490240;2
posaohr;560786558912315393;4
posaohr;560762470772781056;7
posaohr;560750534391791616;6
posaohr;560736978782920704;2
posaohr;560717398903640064;6
posaohr;560455678570278912;4
posaohr;560413258084265985;4
posaohr;560402769744785409;6
posaohr;560379331101622272;2
posaohr;560376070105743360;7
posaohr;560349267467182082;7
posaohr;560348406909243392;7
posaohr;560348004063150080;7
posaohr;560347583198289921;7
posaohr;560347334379601920;7
posaohr;560347057274490880;7
posaohr;560346848603688960;4
posaohr;560346693154381824;7
posaohr;560346470831112192;6
posaohr;560346143113379840;6
posaohr;560345936564867072;7
posaohr;560333155056750593;6
posaohr;559700462799441920;2
posaohr;559674313482461184;7
posaohr;559661842898096128;6
posaohr;559647045964038145;6
posaohr;559643189200842752;2
posaohr;558962468337496064;7
posaohr;558588524858179584;7
posaohr;558574202274717697;6
posaohr;558561538945331200;6
posaohr;558259062748745728;7
posaohr;558230722532872192;7
posaohr;558223611757338624;4
posaohr;558196326945787904;3
posaohr;557923457623920640;7
posaohr;557884059515629568;2
posaohr;557849377583398913;4
posaohr;557827039034896385;6
posaohr;557572064610385921;2
posaohr;557557440120905728;7
posaohr;557525689986195457;7
posaohr;557501954054946816;6
posaohr;557471504217411584;6
posaohr;557449984875180032;2
posaohr;557195327108030464;2
posaohr;557193770115289088;2
posaohr;557179882619539457;7
posaohr;557179008291713024;4
posaohr;557168477061275648;4
posaohr;557152580993028096;2
posaohr;557132529916837888;4
posaohr;557119250029367296;7
posaohr;557102698034921475;7
posaohr;556122594718801921;7
posaohr;556067407769661440;7
posaohr;556046631632904192;7
posaohr;556026552316866560;4
posaohr;556025610574000128;4
posaohr;556007094382780416;7
posaohr;556004171540094976;2
posaohr;555739580692180992;7
posaohr;555688604652273664;2
posaohr;555657192448462848;7
posaohr;555640159237316608;2
posaohr;555383880212283392;7
posaohr;555363888397815808;2
posaohr;555348002089738240;7
posaohr;555312497323167744;7
posaohr;555306937425100800;3
posaohr;555277580786749440;6
posaohr;554999135385165824;7
posaohr;554966778175311872;6
posaohr;554965518214787072;2
posaohr;554940108395544576;7
posaohr;554935255048941568;7
posaohr;554915048402206720;4
posaohr;554666305836843009;4
posaohr;554648817115877377;6
posaohr;554613915204988929;6
posaohr;554605654300954624;7
posaohr;554589943037952002;7
posaohr;554579603789217792;7
posaohr;554567847075405824;7
posaohr;554550870344736768;7
posaohr;553571122705600512;2
posaohr;553543718482231296;2
posaohr;553521111993188352;6
posaohr;553504793202003969;6
posaohr;553486783745650689;2
posaohr;553216235140554754;2
posaohr;553195012075560960;7
posaohr;553181899796271104;3
posaohr;553164068010606592;6
posaohr;553132237668241409;7
posaohr;553104959768907776;2
posaohr;552863634964357120;3
posaohr;552846501266067456;2
posaohr;552807670672261120;2
posaohr;552773002740629504;6
posaohr;552771044592066560;2
posaohr;552748107981914112;7
posaohr;552737920931880960;7
posaohr;552441258409734144;2
posaohr;552441089861623808;2
posaohr;552440900312641537;7
posaohr;552440799527698433;4
posaohr;552012844875939840;7
posaohr;552010012177215489;7
posaohr;549878807994576896;6
posaohr;546940632938602496;7
posaohr;546938509899333632;7
posaohr;545986078650683392;6
posaohr;545974261245300738;7
posaohr;545912435270746112;7
posaohr;545900124900433920;7
posaohr;545607301105995776;7
posaohr;545561793087946752;7
posaohr;545542316434681857;6
posaohr;545513783645724672;2
posaohr;545510555084423169;7
posaohr;545252882568978433;7
posaohr;545194671560216576;4
posaohr;545177230163603456;4
posaohr;545154824279699456;7
posaohr;544846969391570944;6
posaohr;544836411795722241;6
posaohr;544830989781196800;6
posaohr;544819505000890368;2
posaohr;544812065475792896;7
posaohr;544789960675848195;7
posaohr;544526768368263168;4
posaohr;544515742621003776;7
posaohr;544492797840355328;7
posaohr;544466707314913280;2
posaohr;544436223994236929;6
posaohr;544430706957758465;7
posaohr;544419835934150656;2
posaohr;544412124001619968;7
posaohr;543441759884570625;2
posaohr;543434820874153984;7
posaohr;543431602903453698;7
posaohr;543430160897572864;7
posaohr;543424224770420736;7
posaohr;543417303518683136;2
posaohr;543396050728677376;6
posaohr;543370203833597952;4
posaohr;543342912814456832;7
posaohr;543333323167522816;7
posaohr;543078889107767296;2
posaohr;543066982946705408;7
posaohr;543049499640627201;7
posaohr;543016730894012417;7
posaohr;542984176887414784;7
posaohr;542974913540538368;7
posaohr;542751312648347648;7
posaohr;542708341722865665;7
posaohr;542676957184684032;7
posaohr;542672183198502913;7
posaohr;542647706028883969;7
posaohr;542625794024304641;7
posaohr;542608276270362624;7
posaohr;542379520943480832;2
posaohr;542347013275529216;7
posaohr;542332331894513665;7
posaohr;542305451678126080;7
posaohr;542284469957591041;7
posaohr;542264580232454144;7
posaohr;541987155405701120;7
posaohr;541963310061867008;7
posaohr;541927866737643520;7
posaohr;541919096276000768;2
posaohr;541906835104882688;7
posaohr;541886353441824768;7
posaohr;541872805735051264;2
posaohr;540775678686556160;7
posaohr;540530899327410177;7
posaohr;540506734604070913;4
posaohr;540502013453533184;7
posaohr;540445968609853440;2
posaohr;540423113780256768;7
posaohr;540152656241893377;2
posaohr;540123799921111040;7
posaohr;540102660062724096;7
posaohr;540088125557850112;4
posaohr;540082921332547585;7
posaohr;540062616597823488;7
posaohr;539805452075565056;7
posaohr;539764083625828352;2
posaohr;539735689961943040;7
posaohr;539721653119627264;7
posaohr;539716516456185856;6
posaohr;539697043997204480;7
posaohr;539455409988583425;6
posaohr;539450860842283008;4
posaohr;539426300700917760;6
posaohr;539412135156383744;7
posaohr;539399971519598592;2
posaohr;539377690684694528;4
posaohr;539351238488629250;7
posaohr;539335383474257920;7
posaohr;538395733087764480;7
posaohr;538361940847124481;7
posaohr;538322789745582080;7
posaohr;538301900333281280;6
posaohr;538276626577252352;7
posaohr;538271717383495680;7
posaohr;537988346447147008;6
posaohr;537964463098720256;2
posaohr;537936794193784832;7
posaohr;537916744841854977;7
posaohr;537890809073651712;7
posaohr;537646432963293185;7
posaohr;537631701858807808;7
posaohr;537601079115268096;7
posaohr;537581478302220288;2
posaohr;537563838754070528;3
posaohr;537548153902624768;4
posaohr;537530438521466881;7
posaohr;537286893759922176;7
posaohr;537276740604014593;2
posaohr;537260559297957888;2
posaohr;537213620049166336;4
posaohr;537195773830897664;7
posaohr;537183626749034497;7
posaohr;537160106627305472;7
posaohr;536897780300926976;2
posaohr;536883137264230400;6
posaohr;536860334729203714;2
posaohr;536838562705334272;4
posaohr;536796298050306048;7
posaohr;535800023397978112;7
posaohr;535776166662377472;2
posaohr;535743768176381952;3
posaohr;535726477959266304;7
posaohr;535716089502908417;4
posaohr;535464234772353024;7
posaohr;535448206797455361;7
posaohr;535422308023037952;2
posaohr;535397114541797377;6
posaohr;535375381248102403;6
posaohr;535367720964227072;7
posaohr;535349765324947456;7
posaohr;535072724482523136;7
posaohr;535038418326421504;6
posaohr;535017034158186496;6
posaohr;535006274774388736;7
posaohr;534987221146017792;2
posaohr;534736374822608896;4
posaohr;534728705097351168;7
posaohr;534695864355540992;6
posaohr;534675334965526529;7
posaohr;534648499720450048;7
posaohr;534644511625183232;2
posaohr;534625389331877888;2
posaohr;534380830911893504;7
posaohr;534360635476570112;4
posaohr;534343891622064128;6
posaohr;534320458083340288;6
posaohr;534306519152852992;4
posaohr;534289586508558336;4
posaohr;533255104561164288;7
posaohr;533220548114145280;7
posaohr;533208375409266688;7
posaohr;533184057967144960;7
posaohr;532905308965064704;2
posaohr;532885106042880000;4
posaohr;532879432441417728;4
posaohr;532865506697830401;2
posaohr;532832039394095104;6
posaohr;532815404151099392;7
posaohr;532516210295205888;2
posaohr;532492208440877056;7
posaohr;532474655597424641;7
posaohr;532442209329876994;4
posaohr;532236643420602368;2
posaohr;532189178541649920;2
posaohr;532164798033960960;7
posaohr;532153584465739777;2
posaohr;532130102008881152;7
posaohr;532119482287005697;7
posaohr;532091061158834176;2
posaohr;531861978986577920;7
posaohr;531844080477941762;7
posaohr;531830469277810688;7
posaohr;531824685814906881;2
posaohr;531810734632886272;7
posaohr;531783063727251457;2
posaohr;531769360395026432;7
posaohr;531758670879920130;6
posaohr;531729785513574401;7
posaohr;531715521771999232;7
posaohr;531034147507437568;7
posaohr;531022565587030017;7
posaohr;531020280010129408;7
posaohr;530759858157797376;7
posaohr;530392176375918592;7
posaohr;530378143107149824;7
posaohr;530346431924936704;2
posaohr;530313421871648768;7
posaohr;530296395035860994;7
posaohr;530276982467338240;2
posaohr;530054634317283328;7
posaohr;530020194971041792;4
posaohr;529989317889126400;2
posaohr;529986140787707904;7
posaohr;529939079165923328;7
posaohr;529910359910801408;2
posaohr;529656666703556608;7
posaohr;529650602616569857;7
posaohr;529623251228823552;6
posaohr;529590886746050560;7
posaohr;529590565604950017;7
posaohr;529562234742378496;7
posaohr;529548762348523520;4
posaohr;529286934657789953;3
posaohr;529256471046139904;7
posaohr;529224420255363072;2
posaohr;529199174966050816;7
posaohr;529186634399748097;7
posaohr;528202991325937664;7
posaohr;528173478504329216;2
posaohr;528152533466771456;7
posaohr;528131536155983872;7
posaohr;528111811371888640;3
posaohr;528095315896049664;2
posaohr;527844544071880704;2
posaohr;527813380397334528;7
posaohr;527796909344567297;2
posaohr;527780995786092545;2
posaohr;527761615861862400;4
posaohr;527739553327886338;7
posaohr;527460983363874818;7
posaohr;527424944448479232;2
posaohr;527411706184867840;7
posaohr;527391824529600512;6
posaohr;527371649499557888;7
posaohr;527111714438127616;2
posaohr;527096355433742336;7
posaohr;527071082927644673;7
posaohr;527064382392782848;6
posaohr;527049274392326144;7
posaohr;527043898905198592;6
posaohr;527034274869149696;7
posaohr;527014161684107264;6
posaohr;526753683250610176;2
posaohr;526743932630482944;3
posaohr;526724756507488256;7
posaohr;526709754266419201;2
posaohr;526697663186886656;7
posaohr;526655504349954048;7
posaohr;525635666009653249;7
posaohr;525624435148328960;7
posaohr;525605282337288192;2
posaohr;525572554459996160;2
posaohr;525546940755607552;7
posaohr;525540319874805760;7
posaohr;525283138944397313;2
posaohr;525224096125452289;7
posaohr;525181024746364929;7
posaohr;524996371108335616;7
posaohr;524903910201622528;2
posaohr;524858915708993537;2
posaohr;524846918179225600;7
posaohr;524829331991056384;7
posaohr;524824673163689984;7
posaohr;524626482535358465;7
posaohr;524548067891380225;7
posaohr;524513415935836160;7
posaohr;524493870424653824;2
posaohr;524480491479904257;7
posaohr;524455372296552448;7
posaohr;524199805552439297;7
posaohr;524181750139076608;7
posaohr;524157829469732864;2
posaohr;524111322951462912;7
posaohr;524096680090955776;7
posaohr;524092603818840064;7
posaohr;523416082594680833;2
posaohr;523115807954722816;7
posaohr;523082816318619649;3
posaohr;523046272929103872;4
posaohr;523029319200022528;7
posaohr;523016183231315968;7
posaohr;522726297102213120;4
posaohr;522706039670845440;2
posaohr;522691123165544448;3
posaohr;522667863338131456;7
posaohr;522644517426827264;7
posaohr;522374487262920704;2
posaohr;522323300887056384;7
posaohr;522301876059262976;7
posaohr;522281690631520256;7
posaohr;522040013098614785;2
posaohr;522016548450729984;7
posaohr;522016314714755072;7
posaohr;521995954002862080;7
posaohr;521981343585292288;7
posaohr;521962375650770944;7
posaohr;521909910867832832;2
posaohr;521681282192125952;7
posaohr;521657692788903936;7
posaohr;521648442020732928;2
posaohr;521619870736461824;7
posaohr;521601677124984832;6
posaohr;521584204027801600;6
posaohr;521571920534585344;4
posaohr;521552880734855168;7
posaohr;520561260145147904;2
posaohr;520546651111702528;7
posaohr;520483172744962048;7
posaohr;520264810299412480;7
posaohr;520208860842577920;7
posaohr;520172781733167104;2
posaohr;520156758674001920;7
posaohr;520153380371824640;7
posaohr;520122709314134016;7
posaohr;520106197215903744;2
posaohr;519531560652259328;2
posaohr;519476880567984128;7
posaohr;519464707770822656;7
posaohr;519429011500703744;7
posaohr;519407565353271296;2
posaohr;519390961739526144;7
posaohr;519184567828504576;2
posaohr;519153819327156224;7
posaohr;519080790903496704;4
posaohr;519060127450939392;6
posaohr;519037177553248256;7
posaohr;519016935250739201;7
posaohr;518396821862088706;2
posaohr;518051349607763968;7
posaohr;518030208855977984;7
posaohr;518000186577416192;2
posaohr;517972432888795136;7
posaohr;517943378676576256;2
posaohr;517676821199192064;2
posaohr;517657956935290880;3
posaohr;517628579178614784;7
posaohr;517603757451149313;7
posaohr;517574312887607296;2
posaohr;517318238850809856;7
posaohr;517261901785759744;2
posaohr;517232850106871808;7
posaohr;517211926506786816;7
posaohr;516968760834793472;6
posaohr;516958979155820544;2
posaohr;516923183782711297;7
posaohr;516889866907709440;7
posaohr;516848728771428353;2
posaohr;516602713061482496;7
posaohr;516578969429483520;2
posaohr;516550556698288128;7
posaohr;516521771085082625;7
posaohr;516510591482359809;2
posaohr;516495136290004992;2
posaohr;516195986394591232;7
posaohr;516156768783990784;2
posaohr;515895361962266624;2
posaohr;515854836378894337;7
posaohr;515827171471134720;2
posaohr;515133198733701120;2
posaohr;515118008197718016;7
posaohr;515102363842281472;2
posaohr;515099139550769152;2
posaohr;515058716539117569;7
posaohr;515036174478766080;7
posaohr;514759371382071296;2
posaohr;514737991785644032;2
posaohr;514732590105108480;7
posaohr;514703106358411264;6
posaohr;514413887215898626;7
posaohr;514373841481912320;4
posaohr;514348663527989248;7
posaohr;514341874598182913;2
posaohr;514307315697455104;2
posaohr;514306259672367104;7
posaohr;514018028452069376;7
posaohr;513981305047240704;7
posaohr;513951441443364865;7
posaohr;512975180071960576;2
posaohr;512934298471895040;4
posaohr;512894302419447808;6
posaohr;512596975427280897;7
posaohr;512571387354312704;2
posaohr;512512429826506753;4
posaohr;512508695369220096;7
posaohr;512209883350171648;2
posaohr;512182163593101312;7
posaohr;512180666860314624;2
posaohr;512153265338060800;7
posaohr;512135332318679040;7
posaohr;511866623259844608;2
posaohr;511842739873673216;2
posaohr;511828899404464128;7
posaohr;511827418265714688;7
posaohr;511825378844082176;2
posaohr;511779582492819456;4
posaohr;511531030659211264;7
posaohr;511497921825869825;7
posaohr;511465596098445312;2
posaohr;511464209570607104;7
posaohr;510802425473957888;7
posaohr;510774517707587584;2
posaohr;510420524129091584;7
posaohr;510397178746241024;2
posaohr;510357480678125568;2
posaohr;510325002466766848;7
posaohr;510062873612386304;2
posaohr;510038668955123712;7
posaohr;510019680715948032;2
posaohr;510000707966369794;7
posaohr;509967909712826368;2
posaohr;509707127846612993;7
posaohr;509688171417075712;2
posaohr;509661236049752064;7
posaohr;509637403267846144;2
posaohr;509617344034119680;7
posaohr;509598069261090816;7
posaohr;509347956404006912;7
posaohr;509322328539680769;2
posaohr;509288984221351936;7
posaohr;509266977815552000;6
posaohr;509248457987870720;7
posaohr;509246940354445312;2
posaohr;509238108068777984;2
posaohr;508973333392936960;2
posaohr;508955398960070656;2
posaohr;508922170232545280;2
posaohr;508915339590393856;7
posaohr;508895292989906944;2
posaohr;508881243984134144;7
posaohr;508869063045820417;7
posaohr;508184273791496192;2
posaohr;508183853291560960;7
posaohr;508174880559611904;2
posaohr;508174749030420480;7
posaohr;507861210146942976;2
posaohr;507853570201251840;7
posaohr;507500599517007872;7
posaohr;507468895004135424;7
posaohr;507466628947529728;6
posaohr;507466534806388736;6
posaohr;507446100551565312;7
posaohr;507446013632987136;7
posaohr;507444619601534977;2
posaohr;507414365302423552;7
posaohr;507123033388376064;2
posaohr;506783895829090304;2
posaohr;506772176910155776;2
posaohr;506707281560760320;7
posaohr;506706543577145344;7
posaohr;506691995063296000;6
posaohr;506691734009815040;5
posaohr;506516319928598529;7
posaohr;506466551818887169;7
posaohr;506459692101799936;2
posaohr;506453034658840576;4
posaohr;506417458849533952;7
posaohr;506369388636033024;7
posaohr;506113777168035841;7
posaohr;502000173967745024;7
posaohr;499896577260257281;4
posaohr;499879687783731201;2
posaohr;499834314381852672;2
posaohr;499559891619807233;2
posaohr;499540775446007808;7
posaohr;499515717449179136;2
posaohr;499514745381478401;7
posaohr;499480018779922432;2
posaohr;499473042087895041;7
posaohr;499219640275722241;2
posaohr;499184605455728641;2
posaohr;499168355476307968;7
posaohr;499128614953439232;2
posaohr;499095016271142913;7
posaohr;498846225366405120;7
posaohr;498838969485123584;2
posaohr;498805738337480704;7
posaohr;498776921501868032;2
posaohr;498768318892113920;2
posaohr;498755998950387712;2
posaohr;498752296084574208;7
posaohr;498728559897509888;7
posaohr;498725833713139713;7
posaohr;498111857933426688;2
posaohr;498090194508447744;7
posaohr;498089918837825536;7
posaohr;498066433528823808;7
posaohr;498034214638718976;2
posaohr;497753010790227968;2
posaohr;497733276141101056;7
posaohr;497713830378872832;4
posaohr;497689875047800832;2
posaohr;497668257244250112;7
posaohr;497664173598593024;2
posaohr;497644329016754176;2
posaohr;497427394769481728;2
posaohr;497366401427185664;7
posaohr;497365945355350016;2
posaohr;497331886499577856;7
posaohr;497308557059305473;2
posaohr;497297340760604672;6
posaohr;497000334938890241;7
posaohr;496986718781071360;2
posaohr;496969422364762112;4
posaohr;496953753975918592;2
posaohr;496941237036134400;2
posaohr;496929189682237440;7
posaohr;496924842936258561;7
posaohr;496299566501986304;7
posaohr;496273962033491968;7
posaohr;496265771115626496;6
posaohr;496248091058917376;7
posaohr;496228444402114560;7
posaohr;496228352429391872;7
posaohr;496216935680729088;7
posaohr;496204403477860352;2
posaohr;495984830417747971;2
posaohr;495964928936009728;7
posaohr;495950051987161088;2
posaohr;495611026520686593;7
posaohr;495573534123765761;7
posaohr;495572669610602496;7
posaohr;495570333202911232;2
posaohr;495558593023053825;7
posaohr;495547219207278593;2
posaohr;495206851689349120;7
posaohr;495200035458793472;2
posaohr;495177363471482882;2
posaohr;495161118286168064;6
posaohr;495144857896509440;2
posaohr;495109993839222784;2
posaohr;494835251336998913;2
posaohr;494827572501684226;7
posaohr;494791979457609728;2
posaohr;494782716752449536;7
posaohr;494775488653832192;7
posaohr;494744129273085952;2
posaohr;494471981149204480;7
posaohr;494463761923964928;7
posaohr;494459604601147393;2
posaohr;494437661583892480;2
posaohr;494422192411914241;7
posaohr;494414214879281153;7
posaohr;494399521372114945;7
posaohr;494398840850874368;2
posaohr;494383721848799232;2
posaohr;494382152373780480;7
posaohr;494109685927378944;2
posaohr;494081425759809536;7
posaohr;494067844494422016;2
posaohr;494050083223384064;7
posaohr;494037841526390784;2
posaohr;494026544558653441;7
posaohr;493835142516207617;7
posaohr;493831331269578753;2
posaohr;493828418652602368;7
posaohr;493758274614091776;2
posaohr;493746077435441155;4
posaohr;493737287180877824;2
posaohr;493695635095568385;7
posaohr;493675015280541696;2
posaohr;493665109131403264;7
posaohr;493653382029410304;7
posaohr;493432329000738816;4
posaohr;493429790813466624;2
posaohr;493380430448844801;7
posaohr;493351584253100033;2
posaohr;493047127858499584;2
posaohr;492980986008068096;2
posaohr;492965923381604352;7
posaohr;492965429271605248;7
posaohr;492673885503254529;7
posaohr;492670633890025472;2
posaohr;492571747146035200;7
posaohr;492393554858504194;7
posaohr;492367047851278337;2
posaohr;492355776791715842;2
posaohr;492282037626482688;7
posaohr;492275902303453185;2
posaohr;492252868708421632;2
posaohr;492234775621799936;7
posaohr;492219442387251200;7
posaohr;492214148391251969;2
posaohr;491961796480471040;2
posaohr;491957018614562816;2
posaohr;491950426603147264;7
posaohr;491947580872724481;2
posaohr;491936546854301697;7
posaohr;491934616568483840;4
posaohr;491919366850871297;4
posaohr;491913232882606080;7
posaohr;491908840380968960;2
posaohr;491895021407596544;2
posaohr;491885992312573953;2
posaohr;491880088213143552;7
posaohr;491859390962892800;2
posaohr;491852460227833856;2
posaohr;491848008586506240;7
posaohr;491664200570503168;2
posaohr;491635927689998336;2
posaohr;491616434792177665;4
posaohr;491586677937537024;6
posaohr;491548839128866816;3
posaohr;491526249832267776;7
posaohr;491523061293006848;2
posaohr;491522542222704640;2
posaohr;491512009415213056;7
posaohr;491500386977853440;7
posaohr;491496357296099328;7
posaohr;491488404161699840;4
posaohr;491487487857274880;7
posaohr;491484334751481856;7
posaohr;491463961309892608;7
posaohr;491302614139932673;7
posaohr;491216899125309440;7
posaohr;491213025643601920;7
posaohr;491192822826295296;7
posaohr;491190713674375168;2
posaohr;491190369824948225;7
posaohr;491151336533397505;2
posaohr;491149822972690432;2
posaohr;491134603454083072;6
posaohr;491126844167815168;2
posaohr;490900157102571520;7
posaohr;490109346299514880;3
posaohr;490032090722095104;4
posaohr;489776943639052288;2
posaohr;489760733375500288;4
posaohr;489760604899790849;4
posaohr;489707123589521408;2
posaohr;489707034422820865;7
posaohr;489706942580146176;7
posaohr;489678117263659008;7
posaohr;489674333137408000;7
posaohr;489671381395992576;7
posaohr;489661022618546176;2
posaohr;489447767019114496;2
posaohr;489405783218851842;2
posaohr;489384275255771136;4
posaohr;489303002080366593;6
posaohr;489298914278117376;6
posaohr;489297743882768384;6
posaohr;489296992980705280;6
posaohr;489012948598538240;7
posaohr;489012910291943425;2
posaohr;488983015109181440;3
posaohr;488972901295480832;7
posaohr;488960213329121280;7
posaohr;488955800732581888;7
posaohr;488942312966598656;7
posaohr;488941484419584000;7
posaohr;488669941860929536;6
posaohr;488653053625909248;7
posaohr;488581071978889216;7
posaohr;488575641928089600;7
posaohr;488008000318492672;7
posaohr;487598280751448064;2
posaohr;487530020186112000;4
posaohr;487510593650561024;7
posaohr;487510271121178624;7
posaohr;487509027455533056;2
posaohr;487506105418141696;7
posaohr;487505457779867648;7
posaohr;487505238338076672;7
posaohr;487504932334215168;7
posaohr;487500930175496192;7
posaohr;487500770678697984;7
posaohr;487500608149393408;7
posaohr;487500461222940672;7
posaohr;487500274916151296;7
posaohr;487499756055584768;7
posaohr;487499520465715200;7
posaohr;487499368644485121;7
posaohr;487499166730702848;7
posaohr;487499079162019840;7
posaohr;487498806079266816;7
posaohr;487498099288727552;7
posaohr;487497680193847296;7
posaohr;487482662714871810;2
posaohr;487309766595993601;7
posaohr;487307795189235713;7
posaohr;487230780536807424;2
posaohr;487211422473273344;7
posaohr;487211265304301568;7
posaohr;487211137596162048;2
posaohr;487173353284063232;2
posaohr;487156337550585856;7
posaohr;487152303309602816;2
posaohr;487146247829327872;2
posaohr;486864239664320512;7
posaohr;486854920633864192;2
posaohr;486787443207966720;7
posaohr;486773468328099840;7
posaohr;486584742113198081;7
posaohr;486576769672441856;6
posaohr;486496370254413825;2
posaohr;486495627191529472;7
posaohr;486453318567604227;7
posaohr;486446207439753216;2
posaohr;486444841765969920;2
posaohr;486444144232267776;7
posaohr;486423218245599232;2
posaohr;486422831400767488;7
posaohr;486396608117239808;2
posaohr;486396267657195520;7
posaohr;486166429885284352;2
posaohr;486158596242423808;7
posaohr;486157449742024704;7
posaohr;486152952739282944;2
posaohr;486099553540898817;7
posaohr;486088708060614656;7
posaohr;486073635539779584;2
posaohr;486059730260226048;7
posaohr;486050307911483392;7
posaohr;486045102658576384;7
posaohr;486041384265482241;2
posaohr;485059769808728064;7
posaohr;485053367404990464;2
posaohr;485042843925610496;2
posaohr;484975719857270784;2
posaohr;484960502310002688;7
posaohr;484947530703450112;7
posaohr;484706846591434752;2
posaohr;484673225931374592;2
posaohr;484650881284329472;2
posaohr;484634230207832064;7
posaohr;484619783993049088;7
posaohr;484619230202322944;2
posaohr;484611714496086016;7
posaohr;484587295455313920;2
posaohr;484585614072119297;7
posaohr;484358964306792448;2
posaohr;484302701048905728;2
posaohr;484231014479593473;7
posaohr;483967165717311488;2
posaohr;483967029851226112;7
posaohr;483958944935985152;2
posaohr;483924838898499584;2
posaohr;483917792836853761;2
posaohr;483894461358145536;2
posaohr;483871458415116288;6
posaohr;483617100641345536;7
posaohr;483591361955131392;7
posaohr;483588503956385792;4
posaohr;483567947399847936;2
posaohr;483566225352847360;2
posaohr;483534064205721601;7
posaohr;483522506880716801;7
posaohr;483521989949153280;2
posaohr;483505091266494464;7
posaohr;482917455216771072;2
posaohr;482897322763100160;7
posaohr;482888995463241729;2
posaohr;482883714649976832;7
posaohr;482883168132165632;2
posaohr;482510791128928256;2
posaohr;482509748760510464;7
posaohr;482508129780125696;2
posaohr;482503258045710336;2
posaohr;482470001463816192;2
posaohr;482469532507070464;7
posaohr;482454612041936896;7
posaohr;482152799128780800;2
posaohr;482138003973107712;2
posaohr;482095541581783043;6
posaohr;482093351563698176;2
posaohr;482081459696844800;7
posaohr;482081292461551616;2
posaohr;481828507073662977;2
posaohr;481817283304910848;7
posaohr;481813699603484672;7
posaohr;481811724652531712;2
posaohr;481486681636614144;2
posaohr;481406549030887425;2
posaohr;481387954787868672;7
posaohr;481382223267241984;7
posaohr;481340545890267136;2
posaohr;481102540948652033;7
posaohr;481067619240644608;2
posaohr;481059026311340033;2
posaohr;481058220098977792;2
posaohr;481057780082966530;7
posaohr;480972150917328896;7
posaohr;479965516346695680;7
posaohr;479952857777852416;2
posaohr;479901151257964545;7
posaohr;479889500781678593;2
posaohr;479888952673849344;2
posaohr;479888655474229249;7
posaohr;479330624726368256;2
posaohr;479329297631813633;7
posaohr;479329144279678976;7
posaohr;479328803039485952;2
posaohr;479263084293677056;7
posaohr;479228541704609793;2
posaohr;479227858494435329;2
posaohr;479227262047621120;2
posaohr;479174351716352000;7
posaohr;478917833423073281;2
posaohr;478895588453666816;7
posaohr;478886660844056576;7
posaohr;478886440416604160;2
posaohr;478886245343711232;2
posaohr;478278426995208193;7
posaohr;476990856684388352;7
posaohr;476986906740551680;3
posaohr;476981159038291968;7
posaohr;476654669100748801;7
posaohr;476654446785871872;7
posaohr;476626088660336640;7
posaohr;476340949229244416;2
posaohr;476338644199174144;2
posaohr;476314236382355456;7
posaohr;476308034621558784;7
posaohr;476302020077682688;7
posaohr;475978626723479552;2
posaohr;475975812639121408;2
posaohr;475941338161356800;4
posaohr;475936361435131904;7
posaohr;475926787370024960;2
posaohr;475926587981193216;2
posaohr;475307123677863936;2
posaohr;475306957621198848;7
posaohr;475306924318007296;7
posaohr;474890205187829760;7
posaohr;474879292317630464;2
posaohr;474876966936772609;7
posaohr;474871118965510145;2
posaohr;474839896608481280;7
posaohr;474826789890830337;7
posaohr;474824279151087616;2
posaohr;474797681572081664;2
posaohr;474549104237105152;7
posaohr;474546565122895872;7
posaohr;474545774651797504;2
posaohr;474486874623709184;2
posaohr;474458978014208000;2
posaohr;474453728314269696;2
posaohr;474165781648142336;7
posaohr;474164257563897856;7
posaohr;473953813896781825;7
posaohr;473926908023812096;4
posaohr;473925376864178176;2
posaohr;473921474026541060;7
posaohr;473921336184950784;7
posaohr;473921148850569216;7
posaohr;473920975424479232;7
posaohr;473920774080692224;7
posaohr;473920549203091456;7
posaohr;473920327127666688;2
posaohr;473920181501427712;7
posaohr;473919986843791361;7
posaohr;473919816781557761;2
posaohr;473919688058359808;7
posaohr;473919385296326656;2
posaohr;473919252957630464;2
posaohr;473919149987491841;2
posaohr;473919019356266497;7
posaohr;473918715663486978;2
posaohr;473907736598839298;7
posaohr;473814534390820865;2
posaohr;473809680075350016;2
posaohr;473804449253965824;2
posaohr;473795221097308163;4
posaohr;473750966920314880;7
posaohr;473467123243950080;7
posaohr;473437688398610432;6
posaohr;473401285409263616;7
posaohr;473382578356244480;7
posaohr;472389327914561536;2
posaohr;472387167860568064;2
posaohr;472291511217184768;7
posaohr;471969815805317120;7
posaohr;471928906451152896;4
posaohr;471411995191676928;2
posaohr;471398900436566016;7
posaohr;471389953524785152;2
posaohr;471257385886289920;7
posaohr;471227384407277568;7
posaohr;471227272314507264;2
posaohr;471024037272236032;2
posaohr;470997160566075393;2
posaohr;469793916263215106;7
posaohr;469450730664108032;7
posaohr;469450181793296385;2
posaohr;469425470971584512;7
posaohr;469408360547495936;7
posaohr;469402368589959169;2
posaohr;469109582929727488;2
posaohr;469093044051247104;2
posaohr;469039273149497344;7
posaohr;469038770789294080;7
posaohr;468451896412626944;7
posaohr;468429398472155136;2
posaohr;468429247498190848;7
posaohr;468429110331842561;7
posaohr;468428970841870336;7
posaohr;468428818982924289;7
posaohr;468428716281200642;7
posaohr;468428599373336576;7
posaohr;468428483438579713;7
posaohr;468428195910660096;7
posaohr;468427962136948737;7
posaohr;468427827063562240;7
posaohr;468427706867388416;7
posaohr;468427489220780033;7
posaohr;468427306382667776;2
posaohr;468417245887365120;2
posaohr;468403849397796865;2
posaohr;468352826058768384;7
posaohr;468336300073164800;2
posaohr;468326584341250048;7
posaohr;468320212757278720;7
posaohr;468318124073574400;7
posaohr;468302011767984128;2
posaohr;468298538884280320;7
posaohr;467358710063726592;7
posaohr;467357254053031936;7
posaohr;467357158246735872;7
posaohr;467357133278019586;7
posaohr;467353923209416704;7
posaohr;467353569621196800;7
posaohr;467353225021366272;4
posaohr;467231958821789696;4
posaohr;466931868135612416;7
posaohr;466863584132468736;2
posaohr;466861111560929280;2
posaohr;466850877379465216;7
posaohr;466847718087065600;4
posaohr;466839557850546176;7
posaohr;466352833584181248;7
posaohr;466207628482600960;2
posaohr;466188188902780929;7
posaohr;466164316673417216;2
posaohr;466156135159181312;7
posaohr;466155164114894848;7
posaohr;466143802655510529;7
posaohr;465968002312441856;7
posaohr;465951808138256384;7
posaohr;465843559145676800;2
posaohr;465775258658942976;7
posaohr;464049870920499200;7
posaohr;463969224118255616;7
posaohr;463645951023128576;7
posaohr;463645907364638720;7
posaohr;463336120789786624;7
posaohr;463329682801569792;7
posaohr;463327259555008512;7
posaohr;463240385884860416;7
posaohr;462159504948609024;7
posaohr;461479074322739200;7
posaohr;460782970769784832;7
posaohr;460780454309027840;7
posaohr;460778955478695936;7
posaohr;460715849532579840;7
posaohr;459443336139792384;7
posaohr;459437922773528576;2
posaohr;459431226882142209;7
posaohr;459319349644640256;2
posaohr;459283210212737024;7
posaohr;459252749117685760;7
posaohr;458957565230350336;2
posaohr;458939398495952896;2
posaohr;458898985445777408;2
posaohr;458870649994625024;7
posaohr;458870620428976128;2
posaohr;458609489202409473;2
posaohr;458528383321006080;7
posaohr;458527863810297856;7
posaohr;458527656645230592;7
posaohr;456919179623673856;7
posaohr;456423887480168449;7
posaohr;456423345492197376;7
posaohr;456418358963871744;2
posaohr;455959885062995969;7
posaohr;455671287307071488;2
posaohr;455654896424214528;2
posaohr;455621412515246080;7
posaohr;455612258156949505;7
posaohr;455601972092342272;2
posaohr;455597174962012160;7
posaohr;454620173216284672;7
posaohr;454550736349986816;2
posaohr;454336177366376449;7
posaohr;454335843919220737;7
posaohr;454335745499860992;7
posaohr;454240796100026368;7
posaohr;454240776290320384;7
posaohr;454240753297141760;2
posaohr;454240716546650112;7
posaohr;454194740574306304;2
posaohr;454192564758118400;7
posaohr;454188069470892032;7
posaohr;454177991992832000;7
posaohr;454170535149445120;4
posaohr;454170501116866560;7
posaohr;454014997782593536;7
posaohr;454011483270443009;7
posaohr;454007242808111104;7
posaohr;453979342465671168;7
posaohr;453976824293232640;7
posaohr;453969762234953728;7
posaohr;453964542520074240;7
posaohr;453960027834179585;7
posaohr;453949968416768000;7
posaohr;453949610638467072;7
posaohr;453949105065435136;7
posaohr;453948963172130816;2
posaohr;453946232411795456;7
posaohr;453945984104824832;7
posaohr;453945309698490369;7
posaohr;453849353254608896;7
posaohr;453831378212491264;7
posaohr;453828448352731136;7
posaohr;453828437099429888;7
posaohr;453828382141448192;7
posaohr;453818991673618433;2
posaohr;453813456744243200;7
posaohr;453789859988393984;7
posaohr;453528267819982848;7
posaohr;453524797138677760;2
posaohr;453524352471142400;7
posaohr;453433923293704192;7
posaohr;453303913169817600;7
posaohr;453290787997245440;7
posaohr;453287839669944320;7
posaohr;453287813463547904;7
posaohr;453277618222018560;7
posaohr;453257181845278720;7
posaohr;453157625010876416;2
posaohr;453139147407249408;2
posaohr;453114065381244928;7
posaohr;453099920355258368;7
posaohr;453088652848267264;7
posaohr;452062435919540224;2
posaohr;452047814793912320;2
posaohr;452035505639931904;2
posaohr;452027782491807744;7
posaohr;452023410244468736;7
posaohr;451984300473597952;2
posaohr;451725712064806912;7
posaohr;451711879623499777;7
posaohr;451710788018114561;7
posaohr;451694636500000768;2
posaohr;451642888397803520;7
posaohr;451483864243113984;2
posaohr;451482794997612544;7
posaohr;451481472281890816;7
posaohr;451478837109735424;2
posaohr;451474720840359936;7
posaohr;451331181758263296;2
posaohr;451298530960105472;7
posaohr;451298472881553408;4
posaohr;451296893323456513;7
posaohr;451289551911542785;7
posaohr;451264061695877120;7
posaohr;451052190581661696;7
posaohr;451049691720204288;7
posaohr;451045318424289280;7
posaohr;451043246735904768;7
posaohr;451043229740593152;7
posaohr;451043212099346432;7
posaohr;451042976912130048;7
posaohr;451040981916594176;7
posaohr;450997910063550464;2
posaohr;450973577203175425;7
posaohr;450750036436340736;7
posaohr;450747337196195840;7
posaohr;450744958069133312;7
posaohr;450735036535668736;7
posaohr;450730861961691137;7
posaohr;450696440684486656;7
posaohr;450692212989652992;2
posaohr;450688139997478912;7
posaohr;450688121488019456;7
posaohr;450688103481876480;7
posaohr;450688089225445376;7
posaohr;450687728406257664;7
posaohr;450687568922021889;7
posaohr;450628050955550720;2
posaohr;450622752454873088;2
posaohr;450587439560941569;7
posaohr;450584411625779201;7
posaohr;450581292363829248;7
posaohr;450579740563619841;7
posaohr;450558267199356928;7
posaohr;450548257123360768;7
posaohr;450373565339435008;7
posaohr;450372281286803456;7
posaohr;450365334756007938;7
posaohr;450349151344414720;7
posaohr;450317468377309185;7
posaohr;450315724972904449;7
posaohr;449928595285499905;4
posaohr;449893076077932544;7
posaohr;449567636398288896;7
posaohr;449536258956881920;2
posaohr;449514699466743808;7
posaohr;449497930672910336;7
posaohr;449463404278059008;7
posaohr;449283716419178496;7
posaohr;449274387137855488;7
posaohr;449273771732766720;2
posaohr;449273660621475841;7
posaohr;449193588589858816;4
posaohr;449172977230561280;7
posaohr;449147805916217344;7
posaohr;449138455550103552;7
posaohr;449124182077755392;2
posaohr;449120677908336640;2
posaohr;449118216162660352;7
posaohr;449118172399276032;2
posaohr;449117905918386176;2
posaohr;449113147090026496;7
posaohr;449112785453342720;2
posaohr;449110454787641344;2
posaohr;449104430986952704;7
posaohr;449098039631048704;7
posaohr;449092734297837568;7
posaohr;448962892889858048;7
posaohr;448960573410394112;7
posaohr;448957130687516672;7
posaohr;448948700069761024;7
posaohr;448945580447113216;2
posaohr;448945552437563392;7
posaohr;448945482384285696;7
posaohr;448945126707302400;7
posaohr;448943828498919424;7
posaohr;448939336416120832;7
posaohr;448933278276673537;7
posaohr;448927977154568192;2
posaohr;448914553829859328;7
posaohr;448904142833328128;7
posaohr;448897369418256384;7
posaohr;448894558261477376;7
posaohr;448894406826135552;7
posaohr;448893360942891009;2
posaohr;448888940704301056;7
posaohr;448885428544741376;7
posaohr;448832826486820865;7
posaohr;448830691233771520;7
posaohr;448829072488280064;2
posaohr;448801011168059392;2
posaohr;448800358027239424;2
posaohr;448797405375639552;2
posaohr;448775658500800512;2
posaohr;448758865346457600;2
posaohr;448749135286796288;7
posaohr;448748912720216064;7
posaohr;448538343048237056;7
posaohr;448536894876708864;7
posaohr;448525352554749952;7
posaohr;448516038112870400;7
posaohr;448515937923117056;7
posaohr;448467507436093441;2
posaohr;448440742256861185;2
posaohr;448398003976806400;7
posaohr;448397249320845312;7
posaohr;448397208493490176;7
posaohr;448397156861628416;2
posaohr;448394441393733632;7
posaohr;448394265144860672;7
posaohr;448387197646168064;7
posaohr;448380239651958785;7
posaohr;448239710406979584;7
posaohr;448239528923627520;7
posaohr;448239089683554304;7
posaohr;448238687072317440;7
posaohr;448238492595015680;7
posaohr;448230863202181120;7
posaohr;448201756762464256;7
posaohr;448201536607617024;7
posaohr;448145099944648705;7
posaohr;448140447068983297;7
posaohr;448140298322182144;7
posaohr;448138511313797121;7
posaohr;448113423646482433;2
posaohr;448097324666220544;2
posaohr;448090839131361280;7
posaohr;448061475610181632;2
posaohr;448039707340201984;7
posaohr;448039523461910528;2
posaohr;448029033411149824;7
posaohr;448020681100238848;7
posaohr;448019401057787904;7
posaohr;448017017413836801;7
posaohr;448014849965314048;7
posaohr;448014441825984512;7
posaohr;447087601070374912;2
posaohr;447018394903408640;7
posaohr;447007059893301248;2
posaohr;446995433295208448;7
posaohr;446995325770035200;7
posaohr;446993737148026881;7
posaohr;446958989226426368;7
posaohr;446958360160907264;7
posaohr;446946839284420609;7
posaohr;446946743318745088;7
posaohr;446677702255583232;2
posaohr;446676186438324224;7
posaohr;446672836615495683;7
posaohr;446638414595895296;7
posaohr;446636707535151104;7
posaohr;446623219534278656;2
posaohr;446613791766482944;2
posaohr;446609901318840320;2
posaohr;446411712171085824;2
posaohr;446397169625739264;7
posaohr;446396942613225472;2
posaohr;446396477498486784;2
posaohr;446396362272571392;2
posaohr;446396225093656576;2
posaohr;446396054318370816;2
posaohr;446395938354241537;2
posaohr;446395690768687104;7
posaohr;446395571797258240;2
posaohr;446395189817774080;2
posaohr;446395101313785856;2
posaohr;446394971202256896;2
posaohr;446394827840970752;2
posaohr;446394677282242560;7
posaohr;446394514769739777;7
posaohr;446394435526746112;7
posaohr;446394310452584448;2
posaohr;446394170807422976;2
posaohr;446394021972557824;7
posaohr;446393895149371392;7
posaohr;446393488746508288;2
posaohr;446393314242494465;7
posaohr;446388765989535744;7
posaohr;446388750915219457;7
posaohr;446388187007815680;2
posaohr;446387349853704192;7
posaohr;446387116017471488;7
posaohr;446379402566180865;7
posaohr;446378669842644992;7
posaohr;446375212792414208;7
posaohr;446370870110724096;7
posaohr;446367252799967234;7
posaohr;446362774147317760;7
posaohr;446358957448114176;7
posaohr;446355332705443840;7
posaohr;446320395378245632;7
posaohr;446290636569083905;7
posaohr;446288035517571073;7
posaohr;446266254253645824;2
posaohr;446257026503819264;2
posaohr;446254410642235392;2
posaohr;445942773448179712;7
posaohr;445940376306974720;7
posaohr;445940314654924801;7
posaohr;445940258665164800;7
posaohr;445919301938446336;7
posaohr;445907980484345856;7
posaohr;445892194692390912;7
posaohr;445879872192139264;7
posaohr;445876937417052160;7
posaohr;445874282074472448;7
posaohr;445851202157555712;7
posaohr;445843634898751489;7
posaohr;445698197395349505;7
posaohr;445694925632700417;7
posaohr;445693073071538176;7
posaohr;445691165133004801;7
posaohr;445687486086668288;7
posaohr;445684863610683394;7
posaohr;445684160313573376;7
posaohr;445680561966022656;7
posaohr;445680112508633088;7
posaohr;445680008913510400;7
posaohr;445677946939138049;7
posaohr;445677853116751872;7
posaohr;445577321911975936;2
posaohr;445572439045857280;7
posaohr;445556961871147008;2
posaohr;445550348812697600;7
posaohr;445537594693419009;2
posaohr;445502372899717120;7
posaohr;445474558351773696;7
posaohr;445474476575424514;7
posaohr;444460263539212288;7
posaohr;444445031462887424;7
posaohr;444397868649304064;2
posaohr;444397681008730112;2
posaohr;444391618796605440;7
posaohr;444386243405955072;2
posaohr;444385976128135169;7
posaohr;444382650875510784;7
posaohr;444382624107487232;7
posaohr;444211531551891456;7
posaohr;444210038337728513;7
posaohr;444205989479612417;7
posaohr;444200967375175682;7
posaohr;444197470390988801;7
posaohr;444197421779021824;7
posaohr;444197377759793152;7
posaohr;444147750918443009;7
posaohr;444147577706254336;7
posaohr;444071925829345280;7
posaohr;444043906846826496;7
posaohr;444036181945516032;7
posaohr;444036157513687040;7
posaohr;444036126731685888;7
posaohr;444036103910457344;7
posaohr;444033101627678720;7
posaohr;444030391825874944;2
posaohr;443739188941553664;7
posaohr;443732478684319745;2
posaohr;443721516853653504;7
posaohr;443690555282055168;7
posaohr;443676469907456000;7
posaohr;443668862949937152;7
posaohr;443517305256161280;7
posaohr;443515292077936640;7
posaohr;443499669914939392;7
posaohr;443494394130608128;7
posaohr;443492498049335296;7
posaohr;443484875681972224;7
posaohr;443483060789850114;7
posaohr;443482377801576448;7
posaohr;443478946236346368;7
posaohr;443475208817889281;7
posaohr;443470274345054208;7
posaohr;443470047106052096;7
posaohr;443461198236090368;7
posaohr;443391144668721152;7
posaohr;443389579325083648;7
posaohr;443308383287132160;7
posaohr;443305373873999872;7
posaohr;443303060635648000;7
posaohr;443300697581580288;7
posaohr;443298695359242241;4
posaohr;443295833573052417;7
posaohr;443129208093417472;7
posaohr;443125535787732993;7
posaohr;443032897088684032;2
posaohr;443025983344750592;2
posaohr;443006199790067713;2
posaohr;442940386781437952;7
posaohr;442752752012525568;2
posaohr;442749752263053312;7
posaohr;442748019793207296;7
posaohr;442743806463868929;7
posaohr;442743616851943424;2
posaohr;442743507267366912;7
posaohr;442740826855448576;7
posaohr;442733114004365312;7
posaohr;442728818915438593;2
posaohr;442727099645059073;7
posaohr;442718832634126336;7
posaohr;442714971626299392;7
posaohr;442714851484651520;7
posaohr;442713970932465664;7
posaohr;441949482046197761;4
posaohr;441946903773999104;2
posaohr;441929377329451008;2
posaohr;441920914557767680;2
posaohr;441916935253807105;2
posaohr;441900267211337728;2
posaohr;441663973818392576;2
posaohr;441661376344625152;7
posaohr;441657861945700353;7
posaohr;441649915291516928;7
posaohr;441636964711006208;7
posaohr;441633565277974528;7
posaohr;441593902307373056;7
posaohr;441536723827556352;7
posaohr;441528207955984384;2
posaohr;441522145467068416;7
posaohr;441518254100869120;7
posaohr;441509849931579392;2
posaohr;441504175479074816;7
posaohr;441201152969801729;7
posaohr;441194887757578241;7
posaohr;441146642100543488;7
posaohr;441139476119568384;7
