politikaplus;731473218440138753;4
politikaplus;731471698080477184;6
politikaplus;731463244506910721;4
politikaplus;731462252310712320;4
politikaplus;731454590277828608;6
politikaplus;731453560240635904;4
politikaplus;731448153518510081;4
politikaplus;731444809102065664;5
politikaplus;731442065385656320;4
politikaplus;731441979469508608;4
politikaplus;731441846271016960;6
politikaplus;731441663940399105;6
politikaplus;731414969875582976;4
politikaplus;731409401064591360;4
politikaplus;731407124731957248;5
politikaplus;731404153944199169;6
politikaplus;731391589671636992;4
politikaplus;731390511743930369;4
politikaplus;731388158852665344;7
politikaplus;731384865699041280;7
politikaplus;731384765228695552;6
politikaplus;731384674631684096;6
politikaplus;731384387602907136;4
politikaplus;731196031564664832;4
politikaplus;731192462706937856;4
politikaplus;731190898315415553;6
politikaplus;731183121652142080;4
politikaplus;731163000888016896;4
politikaplus;731156847785324544;4
politikaplus;731153841513713664;6
politikaplus;731135650766983168;7
politikaplus;731128358810095617;4
politikaplus;731126685693845505;4
politikaplus;731121648196329473;4
politikaplus;731105843190599680;4
politikaplus;731101539314569216;4
politikaplus;731092763685625856;4
politikaplus;731079281670033408;4
politikaplus;731072092616163328;4
politikaplus;731070066083631104;5
politikaplus;731066673512513536;5
politikaplus;731061222653759488;6
politikaplus;731058857796112384;4
politikaplus;731056484109422592;5
politikaplus;731053968906915840;6
politikaplus;731049147936198656;4
politikaplus;731043836693233664;7
politikaplus;731040610275213313;7
politikaplus;731036958269575168;6
politikaplus;731030500509384704;5
